image_id,source_folder,path,quality_pass,gate_reason,lap_var,mean_bright,min_dim,lf7_1_maturity_evaluation,1_maturity_evaluation_conf,1_maturity_evaluation_reason,lf7_2_foliar_disease,2_foliar_disease_conf,2_foliar_disease_reason,lf7_3_trunk_disease,3_trunk_disease_conf,3_trunk_disease_reason,lf7_4_crown_disease,4_crown_disease_conf,4_crown_disease_reason,lf7_5_petiole,5_petiole_conf,5_petiole_reason
GrayLeafSpot001,Gray Leaf Spot,Dataset/Coconut Tree Disease Dataset/Gray Leaf Spot/GrayLeafSpot001.jpg,True,,348.4,93.7,768,0,0.02,"Không có trái dừa nào xuất hiện trong ảnh, chỉ có lá.",1,0.95,"Ảnh cận cảnh rõ nét các lá chét với các đốm đen, vàng úa và cháy mép lá, đủ để đánh giá tình trạng bệnh trên lá.",0,0.02,"Không thấy thân hoặc gốc cây, chỉ thấy lá dừa.",0,0.03,"Không thấy đỉnh đọt/ngọn cây, chỉ có các lá chét cận cảnh.",0,0.1,"Ảnh chỉ cho thấy các lá chét (phiến lá) chi tiết, không thấy rõ cuống lá chính hay tư thế của tàu lá."
GrayLeafSpot1151,Gray Leaf Spot,Dataset/Coconut Tree Disease Dataset/Gray Leaf Spot/GrayLeafSpot1151.jpg,True,,1332.5,122.7,768,0,0.02,"Không có trái dừa nào trong ảnh, chỉ có lá.",1,0.95,"Phiến lá và tàu lá dừa hiện rõ nét với các đốm bệnh, cháy lá, đổi màu rõ ràng, đủ để đánh giá tình trạng bệnh lá.",0,0.02,Không thấy thân/gốc cây dừa trong ảnh.,0,0.03,"Không thấy đỉnh đọt/ngọn cây, chỉ thấy các tàu lá riêng lẻ.",0,0.1,"Ảnh chỉ tập trung vào phiến lá và sống lá mang lá chét, không thấy rõ đoạn cuống lá (petiole) nối với thân để đánh giá độ rủ."
GrayLeafSpot1394,Gray Leaf Spot,Dataset/Coconut Tree Disease Dataset/Gray Leaf Spot/GrayLeafSpot1394.jpg,True,,1575.9,121.8,768,0,0.05,"Không có trái dừa nào trong ảnh, chỉ có lá và thân cây khác (không phải dừa).",1,0.85,"Phiến lá và lá chét dừa hiện rõ, có thể thấy các vết bạc/loang màu và tổn thương trên mặt lá để đánh giá.",0,0.1,"Thân cây trong ảnh không phải là thân dừa mà là một cây khác, không thể dùng để đánh giá bệnh thân dừa.",0,0.05,Không thấy đỉnh đọt/ngọn của cây dừa trong ảnh.,1,0.75,"Có thể thấy đoạn sống lá/cuống lá dừa kéo dài theo chiều ảnh, đủ để nhận định tư thế và độ rủ."
GrayLeafSpot1637,Gray Leaf Spot,Dataset/Coconut Tree Disease Dataset/Gray Leaf Spot/GrayLeafSpot1637.jpg,True,,2218.8,130.8,768,0,0.02,"Không thấy trái dừa nào trong ảnh, chỉ có lá cây con.",1,0.95,"Ảnh cận cảnh rõ nét các phiến lá với đốm nâu, cháy mép và đổi màu, đủ để đánh giá tình trạng bệnh trên lá.",0,0.05,"Không thấy thân hoặc gốc cây, chỉ thấy lá non và đất.",0,0.1,"Không thấy đỉnh đọt/ngọn cây rõ ràng, chỉ là các lá riêng lẻ của cây con, không nhìn thấy phần đọt tổng thể.",0,0.15,"Không thấy rõ cuống lá (đoạn thân giữa của tàu lá), ảnh tập trung vào phiến lá không cho thấy cuống lá hoặc độ rủ của nó."
GrayLeafSpot188,Gray Leaf Spot,Dataset/Coconut Tree Disease Dataset/Gray Leaf Spot/GrayLeafSpot188.jpg,True,,431.1,123.3,768,0,0.05,"Không có trái dừa nào xuất hiện trong ảnh, chỉ thấy các tàu lá và cuống lá.",0,0.2,"Ảnh chỉ chụp các sống lá/cuống dài, không thấy rõ phiến lá (lá chét) để đánh giá đốm/cháy/thối.",0,0.15,"Thân cây chỉ thấy mờ ở xa phía sau, không đủ rõ để đánh giá bề mặt thân.",0,0.1,"Không thấy đỉnh đọt/ngọn cây, ảnh chỉ là các tàu lá cận cảnh.",1,0.75,"Các cuống lá dài, trơn hiện rõ chiếm toàn khung hình, có thể quan sát tư thế/độ vươn của chúng để đánh giá."
GrayLeafSpot2122,Gray Leaf Spot,Dataset/Coconut Tree Disease Dataset/Gray Leaf Spot/GrayLeafSpot2122.jpg,True,,3760.2,118.4,768,0,0.02,"Không có trái dừa trong ảnh, chỉ có lá và mặt đất.",1,0.95,"Phiến lá hiện rõ nét với các đốm nâu, vệt vàng và mảng cháy khô, đủ chi tiết để đánh giá bệnh trên lá.",0,0.15,"Chỉ thấy một phần nhỏ của bẹ/thân cây non phía trên bên phải bị che khuất nhiều, không đủ rõ để đánh giá thân.",0,0.05,"Không thấy đỉnh đọt/ngọn cây trong ảnh, chỉ có lá đơn lẻ và cây con nhỏ.",0,0.2,"Không thấy rõ đoạn cuống lá trơn giữa bẹ và sống lá, chủ yếu là phiến lá và cây con nhỏ chưa phát triển cuống rõ."
GrayLeafSpot466,Gray Leaf Spot,Dataset/Coconut Tree Disease Dataset/Gray Leaf Spot/GrayLeafSpot466.jpg,True,,464.8,118.0,768,0,0.02,"Không có trái dừa nào trong ảnh, chỉ có lá.",1,0.95,"Phiến lá dừa hiện rõ, nét, cho thấy rõ các đốm nâu, cháy lá và đổi màu, đủ để đánh giá bệnh trên lá.",0,0.02,"Không thấy thân hoặc gốc cây, ảnh chỉ tập trung vào các lá chét.",0,0.02,"Không thấy đỉnh đọt hoặc ngọn cây, chỉ có các lá chét cận cảnh.",0,0.1,"Ảnh chỉ cho thấy các lá chét (leaflets) chi tiết, không thấy cuống lá chính hay tư thế của toàn bộ tàu lá để đánh giá độ rủ."
GrayLeafSpot733,Gray Leaf Spot,Dataset/Coconut Tree Disease Dataset/Gray Leaf Spot/GrayLeafSpot733.jpg,True,,2306.3,109.8,768,0,0.02,"Không có trái dừa nào xuất hiện trong ảnh, chỉ có lá và lá chét.",1,0.95,"Ảnh chụp cận cảnh rõ nét tàu lá và lá chét, thấy rõ các đốm cháy/bệnh nâu đỏ trên phiến lá.",0,0.02,"Không thấy thân/gốc cây dừa trong ảnh, chỉ có lá.",0,0.03,"Không thấy đỉnh đọt/ngọn cây, ảnh chỉ tập trung vào một tàu lá.",-1,0.6,"Có thể thấy phần gốc cuống lá (sống lá) màu nâu đỏ ở giữa ảnh, đủ để nhận định phần nào về tình trạng cuống lá dù không thấy toàn bộ."
LeafRot001,Leaf Rot,Dataset/Coconut Tree Disease Dataset/Leaf Rot/LeafRot001.jpg,True,,3221.1,90.2,768,0,0.05,"Không thấy trái dừa nào trong ảnh, chỉ có lá và cành.",1,0.75,"Nhiều tàu lá và phiến lá dừa hiện rõ, có thể quan sát mặt lá để đánh giá đốm/cháy lá.",0,0.05,"Không thấy thân hoặc gốc cây, ảnh chỉ chụp phần lá và ngọn.",0,0.2,"Không thấy rõ đỉnh đọt từ trên xuống, chỉ thấy các tàu lá xòe ra, khó xác định tình trạng đọt.",-1,0.6,"Có thể thấy phần cuống lá/sống lá của các tàu dừa vươn lên, đủ để nhận định tư thế và độ khỏe của cuống."
LeafRot110,Leaf Rot,Dataset/Coconut Tree Disease Dataset/Leaf Rot/LeafRot110.jpg,True,,1095.7,117.1,768,0,0.03,"Không có trái dừa nào xuất hiện trong ảnh, chỉ có lá và tàu lá.",1,0.9,"Ảnh cận cảnh rõ nét toàn bộ tàu lá với các lá chét, cho thấy rõ tình trạng khô cháy, xoăn và đổi màu ở đầu lá.",0,0.02,"Không thấy thân hoặc gốc cây trong ảnh, chỉ có tàu lá.",0,0.05,"Không thấy đỉnh đọt/ngọn cây, ảnh chỉ tập trung vào một tàu lá.",0,0.15,"Không thấy rõ đoạn cuống lá (phần thân giữa của tàu lá), ảnh chủ yếu là các lá chét vươn ra."
LeafRot129,Leaf Rot,Dataset/Coconut Tree Disease Dataset/Leaf Rot/LeafRot129.jpg,True,,445.5,120.0,768,0,0.02,"Không thấy trái dừa nào trong ảnh, chỉ có tàu lá.",1,0.9,"Phiến lá và các lá chét hiện rõ nét, thấy rõ vùng lá chét bị khô/cháy nâu ở đầu, đủ để đánh giá tình trạng lá.",0,0.02,"Không thấy thân hoặc gốc cây, chỉ có tàu lá và phần cuống.",0,0.05,"Không thấy đỉnh đọt/ngọn cây, chỉ là một tàu lá đơn lẻ.",-1,0.6,"Có thể thấy phần sống lá/cuống chính của tàu lá vươn từ góc trên phải, đủ để nhận định tư thế dù không phải góc lý tưởng."
LeafRot148,Leaf Rot,Dataset/Coconut Tree Disease Dataset/Leaf Rot/LeafRot148.jpg,True,,1855.0,121.6,768,0,0.02,"Không có trái dừa nào xuất hiện trong ảnh, chỉ có tàu lá.",1,0.9,"Tàu lá và các lá chét hiện rõ, có thể thấy rõ các đầu lá bị khô/cháy nâu ở một số lá chét, đủ để đánh giá tình trạng lá.",0,0.02,"Không thấy thân hoặc gốc cây, chỉ có tàu lá và bầu trời.",0,0.05,"Không nhìn thấy đỉnh đọt/ngọn cây, chỉ có một tàu lá riêng lẻ.",0,0.2,"Không thấy rõ đoạn cuống lá trơn giữa bẹ và sống lá, ảnh chỉ tập trung vào phần sống lá mang các lá chét."
LeafRot167,Leaf Rot,Dataset/Coconut Tree Disease Dataset/Leaf Rot/LeafRot167.jpg,True,,1813.2,122.6,768,0,0.02,"Không thấy trái dừa nào trong ảnh, chỉ có tàu lá.",1,0.85,"Phiến lá và các lá chét hiện rõ, có thể quan sát các đầu lá khô/cháy đen và màu lá để đánh giá tình trạng bệnh lá.",0,0.02,"Không thấy thân hoặc gốc cây, chỉ có tàu lá và bầu trời.",0,0.05,"Không thấy đỉnh đọt/ngọn cây, chỉ thấy tàu lá riêng lẻ.",-1,0.6,"Có thể thấy phần sống lá (rachis) chính giữa tàu lá, mặc dù không thấy rõ đoạn cuống gần bẹ thân, vẫn đủ để nhận định tư thế/độ vươn của tàu lá."
LeafRot372,Leaf Rot,Dataset/Coconut Tree Disease Dataset/Leaf Rot/LeafRot372.jpg,True,,712.9,124.6,768,0,0.02,Không thấy trái dừa nào trong ảnh.,1,0.9,"Lá dừa hiện rõ nét với các đốm cháy, khô nâu ở mép và chóp lá, đủ để đánh giá tình trạng bệnh lá.",0,0.03,Không thấy thân/gốc cây dừa trong ảnh.,0,0.05,"Không thấy đỉnh đọt/ngọn cây, chỉ thấy các tàu lá riêng lẻ.",0,0.15,"Chỉ thấy phần phiến lá và mép lá cháy, không thấy rõ đoạn cuống lá để đánh giá độ rủ hay tình trạng cuống."
LeafRot581,Leaf Rot,Dataset/Coconut Tree Disease Dataset/Leaf Rot/LeafRot581.jpg,True,,2117.4,113.3,768,1,0.95,"Không có trái dừa nào xuất hiện trong ảnh, chỉ có tàu lá và bầu trời.",1,0.9,"Phiến lá và các lá chét hiện rõ nét, có thể thấy rõ các đầu lá cháy khô/nâu, đủ để đánh giá tình trạng bệnh lá.",1,0.95,"Không thấy thân hoặc gốc cây, ảnh chỉ chụp tàu lá từ dưới lên.",1,0.7,"Không thấy rõ đỉnh đọt/ngọn cây, chỉ thấy các tàu lá riêng lẻ, không xác định được tình trạng đọt trung tâm.",1,0.7,"Có thể thấy phần sống lá/cuống chính của tàu lá vươn thẳng lên, đủ để nhận định tư thế và độ khỏe của cuống lá."
LeafRot790,Leaf Rot,Dataset/Coconut Tree Disease Dataset/Leaf Rot/LeafRot790.jpg,True,,2766.1,126.8,768,-1,0.4,"Có thể thấy một vài quả dừa nhỏ ở gốc tàu lá nhưng bị che khuất phần lớn và kích thước nhỏ trong khung hình, khó đánh giá chính xác độ chín.",1,0.7,"Các lá chét hiện rõ nét dù chụp ngược sáng, có thể quan sát màu sắc và hình dạng tổng thể của phiến lá để đánh giá tình trạng lá.",0,0.05,"Không thấy thân cây trong ảnh, chỉ có phần ngọn và tàu lá.",-1,0.5,"Thấy được phần đỉnh ngọn/đọt với các tàu lá mới mọc, tuy không phải góc nhìn từ trên xuống lý tưởng nhưng đủ để nhận định sơ bộ tình trạng đọt.",-1,0.6,"Có thể thấy các cuống lá vươn ra từ trung tâm với độ dốc/tư thế rõ, đủ để nhận định độ rủ hoặc vươn thẳng của cuống lá."
StemBleeding001,Stem Bleeding,Dataset/Coconut Tree Disease Dataset/Stem Bleeding/StemBleeding001.jpg,True,,2701.4,141.2,768,0,0.05,"Không thấy trái dừa nào trong ảnh, chỉ có thân cây.",0,0.02,Không có lá hoặc tàu lá xuất hiện trong ảnh.,1,0.95,"Ảnh cận cảnh rõ nét bề mặt thân cây, thấy rõ vết nứt và vết chảy nhựa/đổi màu sẫm, đủ để đánh giá tình trạng thân.",0,0.02,"Không thấy đỉnh đọt/ngọn cây, ảnh chỉ tập trung vào gốc thân.",0,0.03,Không có cuống lá hoặc tàu lá xuất hiện trong khung ảnh.
StemBleeding119,Stem Bleeding,Dataset/Coconut Tree Disease Dataset/Stem Bleeding/StemBleeding119.jpg,True,,2297.0,150.8,576,0,0.02,"Không có trái dừa nào trong ảnh, chỉ thấy thân cây.",0,0.02,"Không thấy lá dừa trong ảnh, chỉ có thân cây.",1,0.95,"Ảnh chụp rõ cận cảnh bề mặt thân dừa, thấy rõ vết chảy nhựa/đổi màu sẫm dọc thân, đủ để đánh giá tình trạng thân.",0,0.02,"Không thấy đỉnh đọt/ngọn dừa trong ảnh, chỉ có thân cây.",0,0.02,"Không thấy cuống lá hay tàu lá trong ảnh, chỉ có thân cây."
StemBleeding245,Stem Bleeding,Dataset/Coconut Tree Disease Dataset/Stem Bleeding/StemBleeding245.jpg,True,,760.1,149.7,768,0,0.02,"Không thấy trái dừa nào trong ảnh, chỉ có thân cây.",0,0.02,Không có lá hoặc tàu lá xuất hiện trong ảnh.,1,0.9,"Ảnh cận cảnh rõ nét bề mặt thân cây, thấy rõ các vết nứt, đốm nâu/đỏ và vết đen, đủ để đánh giá tình trạng thân.",0,0.02,"Không thấy đỉnh đọt/ngọn cây, chỉ có phần thân dưới.",0,0.02,"Không thấy cuống lá hoặc tàu lá trong ảnh, chỉ có thân cây."
StemBleeding371,Stem Bleeding,Dataset/Coconut Tree Disease Dataset/Stem Bleeding/StemBleeding371.jpg,True,,785.5,138.4,768,1,0.97,"Ảnh chỉ chụp thân cây dừa, không có trái dừa nào trong khung hình để đánh giá độ chín.",1,0.97,"Không thấy lá hoặc tàu lá dừa trong ảnh, chỉ có thân cây.",1,0.95,"Ảnh chụp cận cảnh, rõ nét phần thân/gốc cây với vết chảy nhựa/loét màu nâu đậm rõ rệt, đủ để đánh giá tình trạng bệnh thân.",1,0.97,"Không thấy đỉnh đọt/ngọn cây, ảnh chỉ tập trung vào gốc thân.",1,0.95,"Không thấy cuống lá hoặc bất kỳ phần lá nào trong ảnh, chỉ có thân cây."
StemBleeding497,Stem Bleeding,Dataset/Coconut Tree Disease Dataset/Stem Bleeding/StemBleeding497.jpg,True,,1009.9,130.3,768,1,0.97,"Ảnh chỉ chụp thân dừa cận cảnh, không thấy trái nào để đánh giá độ chín.",1,0.97,"Không thấy phiến lá/tàu lá trong ảnh, chỉ có thân cây.",1,0.95,"Ảnh cận cảnh rõ nét bề mặt thân dừa với các vết nứt, đổi màu nâu đỏ và vết chảy nhựa, đủ để đánh giá tình trạng thân.",1,0.97,"Không thấy đỉnh đọt/ngọn dừa trong ảnh, chỉ có phần thân.",1,0.95,"Không thấy cuống lá hay tàu lá nào trong ảnh, chỉ có thân cây."
StemBleeding622,Stem Bleeding,Dataset/Coconut Tree Disease Dataset/Stem Bleeding/StemBleeding622.jpg,True,,272.6,149.2,768,0,0.02,"Không thấy trái dừa nào trong ảnh, chỉ có thân cây.",0,0.02,Không có lá hoặc tàu lá xuất hiện trong ảnh.,1,0.9,"Ảnh cận cảnh rõ nét bề mặt thân cây, cho thấy vết chảy nhựa/loét màu nâu đỏ, đủ để đánh giá tình trạng thân.",0,0.02,"Không thấy đỉnh đọt/ngọn cây trong ảnh, chỉ tập trung vào thân.",0,0.02,Không có cuống lá hoặc tàu lá xuất hiện trong ảnh.
StemBleeding748,Stem Bleeding,Dataset/Coconut Tree Disease Dataset/Stem Bleeding/StemBleeding748.jpg,True,,376.1,169.1,768,0,0.02,"Không có trái dừa nào trong ảnh, chỉ thấy thân cây.",0,0.02,"Không có lá hoặc phiến lá trong ảnh, chỉ thấy thân cây.",1,0.9,"Ảnh cận cảnh rõ nét bề mặt thân với các vết nứt và đốm đen/nâu, đủ để đánh giá tình trạng thân.",0,0.02,"Không thấy đỉnh đọt/ngọn cây, chỉ có ảnh cận cảnh phần thân.",0,0.02,"Không thấy cuống lá hoặc bất kỳ phần lá nào trong ảnh, chỉ có thân cây."
StemBleeding874,Stem Bleeding,Dataset/Coconut Tree Disease Dataset/Stem Bleeding/StemBleeding874.jpg,True,,1023.2,154.5,768,0,0.02,"Ảnh chỉ chụp cận cảnh thân dừa, không thấy trái nào để đánh giá độ chín.",0,0.02,Không có lá hoặc phiến lá xuất hiện trong ảnh.,1,0.9,"Ảnh cận cảnh rõ nét bề mặt thân dừa, thấy rõ các vết nứt, đổi màu và vết chảy nhựa/loét sẫm màu để đánh giá tình trạng thân.",0,0.02,"Không thấy đỉnh đọt/ngọn dừa trong ảnh, chỉ có thân cây.",0,0.02,"Không có cuống lá hoặc tàu lá xuất hiện trong ảnh, chỉ là bề mặt thân cây."
BudRot001,Bud Rot,Dataset/Coconut Tree Disease Dataset/Bud Rot/BudRot001.jpg,True,,1721.2,118.8,768,0,0.05,"Không có trái dừa nào xuất hiện trong ảnh, chỉ có lá và thân cây non.",1,0.75,"Nhiều phiến lá và tàu lá hiện rõ, có thể quan sát các đốm đen nhỏ trên bẹ lá, đủ để đánh giá tình trạng lá.",-1,0.6,"Có thể thấy phần gốc/bẹ thân với các sợi xơ và màu sắc, đủ để quan sát tổng quát tình trạng thân dù đây là cây còn non.",-1,0.6,"Vùng đỉnh sinh trưởng/đọt non ở giữa ảnh có thể quan sát được với các lá non mới nhô lên, đủ để đánh giá tình trạng đọt.",1,0.7,"Các cuống lá/bẹ lá vươn ra từ gốc thân hiện rõ, có thể quan sát độ thẳng/rủ của chúng."
BudRot059,Bud Rot,Dataset/Coconut Tree Disease Dataset/Bud Rot/BudRot059.jpg,True,,4510.9,127.3,768,0,0.05,"Không thấy trái dừa nào trong ảnh, chỉ có lá và tàu lá.",1,0.75,"Nhiều tàu lá và phiến lá hiện rõ, có thể quan sát màu sắc và tình trạng lá dù một số phần bị chồng chéo.",0,0.2,"Chỉ thấy phần cuống lá và bẹ lá phía trên, không thấy rõ bề mặt thân chính để đánh giá loét/chảy nhựa.",-1,0.55,"Có thể thấy phần đọt non ở trung tâm các tàu lá vươn lên, tuy góc chụp từ dưới hơi hạn chế view từ trên xuống.",1,0.7,"Các cuống lá/bẹ lá hiện rõ với tư thế vươn thẳng, có thể đánh giá độ rủ và tình trạng chung."
BudRot118,Bud Rot,Dataset/Coconut Tree Disease Dataset/Bud Rot/BudRot118.jpg,True,,899.1,123.7,768,0,0.02,"Không có trái dừa nào hiện diện trong ảnh, chỉ có lá và cuống lá.",1,0.75,"Phiến lá và tàu lá hiện rõ, đủ nét để quan sát tình trạng mặt lá, không thấy đốm/cháy rõ.",0,0.05,"Không thấy bề mặt thân/gốc cây, chỉ có lá và cuống lá.",0,0.1,"Không thấy đỉnh đọt/ngọn cây, ảnh chỉ tập trung vào phần lá và cuống lá gần gốc bẹ.",1,0.85,"Có thể thấy rõ cuống lá (phần thân giữa màu vàng nhạt) cùng phần xơ khô ở gốc bẹ, đủ để đánh giá tư thế và tình trạng."
BudRot177,Bud Rot,Dataset/Coconut Tree Disease Dataset/Bud Rot/BudRot177.jpg,True,,1410.2,132.3,768,0,0.05,"Không thấy trái dừa nào trong ảnh, chỉ có lá và cuống lá.",1,0.75,"Nhiều phiến lá và tàu lá hiện rõ, đủ nét để đánh giá tình trạng mặt lá, không thấy đốm hay cháy lá.",0,0.15,"Thân cây bị che khuất phần lớn bởi các bẹ lá và sợi xơ, chỉ thấy một đoạn nhỏ không đủ để đánh giá tình trạng thân.",0,0.2,"Không thấy rõ đỉnh đọt/ngọn từ góc nhìn này, chủ yếu là các bẹ lá và cuống lá xen lẫn xơ khô.",1,0.7,"Có thể thấy các cuống lá vươn ra từ thân, một số thẳng và một số hơi cong, đủ để nhận định tư thế và độ khỏe của cuống lá."
BudRot236,Bud Rot,Dataset/Coconut Tree Disease Dataset/Bud Rot/BudRot236.jpg,True,,849.6,122.7,768,0,0.02,"Không thấy trái dừa nào trong ảnh, chỉ có lá và đọt non.",1,0.7,"Nhiều phiến lá/tàu lá hiện rõ, cho phép quan sát mặt lá, màu sắc và các đốm nếu có.",0,0.15,"Chỉ thấy phần gốc bẹ lá và mô sợi khô quanh gốc, không thấy bề mặt thân chính đủ rõ để đánh giá bệnh thân.",1,0.85,"Đọt non/lá giáo (spear leaf) hiện rõ ở giữa ảnh, có màu nâu khô và héo, thấy rõ dấu hiệu bất thường ở đỉnh sinh trưởng.",-1,0.6,"Có thể thấy phần cuống của các tàu lá gần gốc, độ vươn/rủ và màu sắc tương đối rõ để nhận định tình trạng."
BudRot294,Bud Rot,Dataset/Coconut Tree Disease Dataset/Bud Rot/BudRot294.jpg,True,,1175.8,119.6,768,0,0.02,"Không có trái dừa nào trong ảnh, chỉ thấy lá và cuống lá non.",1,0.7,"Thấy rõ nhiều phiến lá với các sọc gân lá, đủ nét để đánh giá tình trạng mặt lá, không thấy đốm/cháy rõ.",0,0.1,"Không thấy bề mặt thân chính hoặc gốc cây, chỉ thấy các bẹ lá non và cuống lá.",0,0.15,"Không thấy rõ đỉnh đọt/ngọn từ trên xuống, chỉ thấy các lá non đang mở và bẹ lá khô.",1,0.75,"Thấy rõ đoạn cuống lá non màu vàng nhạt vươn thẳng lên, có thể đánh giá tư thế và tình trạng của nó."
BudRot353,Bud Rot,Dataset/Coconut Tree Disease Dataset/Bud Rot/BudRot353.jpg,True,,3254.6,109.8,768,0,0.05,"Không thấy trái dừa nào trong ảnh, chỉ có tàu lá và đọt non.",1,0.85,"Nhiều phiến lá và tàu lá hiện rõ, đủ nét để đánh giá tình trạng mặt lá, không thấy đốm/cháy rõ ràng.",-1,0.5,"Có thể thấy một phần gốc thân phía dưới nhưng bị lá che khuất nhiều, chỉ đủ để đánh giá sơ bộ.",1,0.7,"Đọt non (lá non chưa mở) hiện rõ ở trung tâm ảnh, có thể quan sát màu sắc và hình dạng để đánh giá tình trạng đọt.",1,0.75,"Có thể thấy các cuống lá vươn ra từ trung tâm, độ thẳng và tư thế của chúng khá rõ để đánh giá."
BudRot412,Bud Rot,Dataset/Coconut Tree Disease Dataset/Bud Rot/BudRot412.jpg,True,,3089.8,124.5,768,0,0.02,"Không thấy trái dừa trong ảnh, chỉ có lá và đọt non.",1,0.85,"Nhiều phiến lá và tàu lá hiện rõ, đủ nét để đánh giá tình trạng mặt lá, không thấy đốm hay cháy lá.",0,0.1,"Thân cây bị che khuất hoàn toàn bởi các tàu lá, chỉ thấy một phần gốc nhỏ phía dưới không đủ để đánh giá.",1,0.75,"Đọt non ở giữa ảnh hiện rõ với phần lá chưa mở và mô khô/nâu ở gốc đọt, đủ để đánh giá tình trạng đọt.",1,0.7,"Có thể thấy phần cuống lá/bẹ lá vươn thẳng ở trung tâm ảnh, đủ để nhận định tư thế và tình trạng của cuống."
BudRootDropping001,Bud Root Dropping,Dataset/Coconut Tree Disease Dataset/Bud Root Dropping/BudRootDropping001.jpg,True,,4965.0,124.4,768,-1,0.6,"Có vài trái dừa nhỏ màu nâu thấy được ở giữa các bẹ lá khô, nhưng bị che khuất nhiều nên khó đánh giá đầy đủ hình dạng/kích thước.",0,0.3,"Các tàu lá phía trước chủ yếu là bẹ khô, xơ; lá xanh chỉ thấy ở phía sau và bị mờ/xa, không đủ nét để đánh giá mặt lá.",0,0.2,"Phần thân chính chỉ thấy một đoạn nhỏ ở góc dưới, bị che khuất bởi các bẹ lá khô, không đủ để đánh giá bề mặt thân.",-1,0.65,"Có thể thấy phần đọt/ngọn ở trên cùng với các lá non cuộn lại, đủ để nhận định sơ bộ tình trạng đọt.",1,0.7,"Nhiều cuống lá khô, rủ xuống rõ ràng, thấy rõ độ rủ và tình trạng héo/khô của các cuống lá."
BudRootDropping065,Bud Root Dropping,Dataset/Coconut Tree Disease Dataset/Bud Root Dropping/BudRootDropping065.jpg,True,,2913.0,127.6,768,0,0.05,"Không thấy trái dừa nào trong ảnh, chỉ có tán lá và ngọn cây.",-1,0.55,"Thấy được các tàu lá và phiến lá dù bị ngược sáng (backlit), có thể nhận diện hình dạng và một số lá khô/héo ở phía dưới.",0,0.1,"Thân cây hầu như không thấy rõ, bị che khuất bởi các tàu lá, chỉ thấy một phần nhỏ gốc lá gần đọt.",-1,0.5,"Có thể thấy phần đỉnh ngọn/đọt ở trung tâm ảnh với các lá non mọc lên, tuy góc chụp từ dưới lên và ngược sáng làm giảm độ rõ.",-1,0.6,"Có thể quan sát các cuống lá với độ rủ khác nhau, một số vươn ngang và một số rủ xuống, đủ để nhận định về tư thế của tàu lá."
BudRootDropping129,Bud Root Dropping,Dataset/Coconut Tree Disease Dataset/Bud Root Dropping/BudRootDropping129.jpg,True,,2229.6,130.0,768,0,0.02,"Không có trái dừa nào hiện diện trong ảnh, chỉ là cây dừa non chưa ra trái.",1,0.8,"Tàu lá và phiến lá hiện rõ, có thể quan sát màu sắc và tình trạng lá, một số lá có vẻ hơi vàng/khô ở phần dưới.",-1,0.6,"Phần thân dưới gốc cây hiện rõ với vân thân đặc trưng, đủ để đánh giá tình trạng bề mặt thân, tuy phần thân trên bị lá che khuất.",-1,0.6,"Đỉnh đọt của cây có thể thấy phần lá non mọc lên ở trung tâm, dù góc chụp không phải từ trên xuống nhưng vẫn quan sát được phần đọt non.",1,0.7,"Có thể thấy cuống lá vươn thẳng từ thân lên các tàu lá, cho thấy tư thế dựng đứng khỏe mạnh, không có dấu hiệu rũ hay gãy gập."
BudRootDropping193,Bud Root Dropping,Dataset/Coconut Tree Disease Dataset/Bud Root Dropping/BudRootDropping193.jpg,True,,3094.1,116.2,768,0,0.05,"Không thấy trái dừa nào trong ảnh, chỉ có tàu lá và thân.",1,0.85,"Nhiều tàu lá và lá chét hiện rõ, có thể thấy lá khô nâu, cháy mép lan rộng, đủ để đánh giá tình trạng bệnh lá.",-1,0.55,"Một phần thân dừa phía dưới hiện ra, tuy nhỏ và góc chụp hạn chế nhưng có thể thấy bề mặt vỏ thân để đánh giá sơ bộ.",-1,0.6,"Vùng đọt/ngọn dừa bị che khuất nhiều bởi lá khô nhưng vẫn thấy phần trung tâm với các lá non mọc lên, có thể nhận định sơ bộ tình trạng đọt.",1,0.75,"Có thể thấy các cuống lá (phần gốc cứng của tàu lá) với nhiều tàu lá khô rũ xuống, cho thấy dấu hiệu héo/khô rõ rệt."
BudRootDropping258,Bud Root Dropping,Dataset/Coconut Tree Disease Dataset/Bud Root Dropping/BudRootDropping258.jpg,True,,1882.4,119.4,576,0,0.05,"Không thấy trái dừa nào trong ảnh, chỉ có tàu lá và ngọn cây.",1,0.75,"Tàu lá khô, héo úa, đổi màu nâu/vàng thấy rõ, đủ để đánh giá tình trạng lá dù góc chụp từ xa hơi ngược sáng.",0,0.1,"Thân cây bị lá che khuất hoàn toàn, không thấy bề mặt thân/gốc để đánh giá.",-1,0.6,"Đỉnh đọt hiện rõ ở phần trên cùng, thấy các lá non và tình trạng khô héo lan rộng, đủ để nhận định sơ bộ tình trạng đọt.",-1,0.55,"Có thể thấy phần cuống lá gần gốc các tàu lá rủ xuống, cho thấy độ rủ và khô héo, đủ để nhận định sơ bộ dù không quá rõ nét."
BudRootDropping322,Bud Root Dropping,Dataset/Coconut Tree Disease Dataset/Bud Root Dropping/BudRootDropping322.jpg,True,,2765.4,128.8,768,0,0.05,"Không thấy trái dừa nào trong ảnh, chỉ có tàu lá và thân.",1,0.75,"Nhiều tàu lá và phiến lá hiện rõ, có thể quan sát màu sắc và tình trạng mặt lá.",1,0.7,"Đoạn thân/gốc phía dưới hiện rõ với các vết bẹ khô, đủ để đánh giá tình trạng vỏ thân.",-1,0.65,"Đỉnh đọt và các bẹ lá non ở trung tâm được thấy khá rõ từ góc chụp lên, có thể đánh giá tình trạng đọt.",-1,0.6,"Có thể thấy các cuống lá/bẹ lá vươn ra từ thân, tư thế khá thẳng, đủ để nhận định độ rủ."
BudRootDropping386,Bud Root Dropping,Dataset/Coconut Tree Disease Dataset/Bud Root Dropping/BudRootDropping386.jpg,True,,3524.0,98.1,768,0,0.05,"Không thấy trái dừa nào trong ảnh, chỉ có tàu lá và ngọn cây bị chụp ngược sáng.",0,0.2,"Lá bị chụp ngược sáng thành dạng bóng đen (silhouette), không thấy màu sắc hay đốm/cháy trên mặt lá.",0,0.05,"Không thấy thân cây trong khung hình, chỉ có tàu lá và ngọn.",-1,0.4,"Có thể thấy phần đọt/ngọn cây từ dưới lên nhưng bị ngược sáng và các tàu lá che khuất một phần, chỉ đủ để nhận định thô.",-1,0.35,"Có thể thấy hình dạng và tư thế của các cuống lá vươn ra từ ngọn, tuy bị bóng ngược sáng nhưng đủ để nhận định độ rủ/vươn thẳng."
BudRootDropping450,Bud Root Dropping,Dataset/Coconut Tree Disease Dataset/Bud Root Dropping/BudRootDropping450.jpg,True,,2340.8,106.7,768,0,0.05,"Không thấy trái dừa trong ảnh, chỉ có tàu lá và ngọn cây.",-1,0.6,"Có thể thấy các tàu lá với một số lá khô/cháy nâu ở phía dưới và lá xanh phía trên, đủ để nhận định tình trạng lá mặc dù ánh sáng ngược làm giảm chi tiết.",0,0.1,"Thân cây bị che khuất hoàn toàn bởi các tàu lá rủ xuống, không thấy rõ bề mặt thân.",-1,0.55,"Đỉnh ngọn với các lá non mọc thẳng lên có thể thấy được, dù không phải góc nhìn từ trên xuống lý tưởng, vẫn đủ để đánh giá sơ bộ tình trạng đọt.",-1,0.6,"Có thể thấy các cuống lá của những tàu lá phía dưới với tư thế rủ xuống và một số khô héo, đủ để nhận định về độ rủ/vàng úa."
010_jpg.rf.0bceb2935b70017af4f5c8f966af09ab,coconut-veirf-v5,Dataset/coconut-veirf-v5/train/images/010_jpg.rf.0bceb2935b70017af4f5c8f966af09ab.jpg,True,,4074.6,145.7,640,1,0.85,"Hai trái dừa hiện rõ với vỏ nâu sẫm, kích thước và hình dạng có thể quan sát để đánh giá độ chín.",0,0.2,"Chỉ thấy một phần nhỏ tàu lá bị ánh sáng chói che, không đủ diện tích phiến lá để đánh giá bệnh.",0,0.15,"Không thấy rõ thân/gốc cây, chỉ có cuống và lá.",0,0.1,Không thấy đỉnh đọt/ngọn cây trong ảnh.,-1,0.55,"Có thể thấy một phần cuống lá dài, trơn nằm giữa các tàu lá, đủ để nhận định sơ bộ về tư thế."
078_jpg.rf.5c2430889e2c4a6d7c9e719eb99a1011,coconut-veirf-v5,Dataset/coconut-veirf-v5/train/images/078_jpg.rf.5c2430889e2c4a6d7c9e719eb99a1011.jpg,True,,1304.0,169.2,640,1,0.85,"Nhiều trái dừa nhìn rõ hình dạng, kích thước, màu vỏ xanh với đốm đen, đủ để đánh giá độ chín.",0,0.2,"Chỉ thấy một phần lá phía sau bị che khuất bởi trái và cuống, không thấy rõ phiến lá để đánh giá bệnh.",0,0.15,"Không thấy rõ thân/gốc cây, chỉ có cuống hoa và lá che khuất.",0,0.1,"Không thấy đỉnh đọt/ngọn cây, ảnh chỉ tập trung vào buồng trái và cuống.",1,0.7,"Có thể thấy các cuống hoa/cuống trái dạng nhánh dài rủ xuống, cho phép nhận định phần nào về tư thế cuống, mặc dù không phải cuống lá điển hình."
128_jpg.rf.1c552598822a0005dbc387194e92b3ec,coconut-veirf-v5,Dataset/coconut-veirf-v5/train/images/128_jpg.rf.1c552598822a0005dbc387194e92b3ec.jpg,True,,3471.2,118.0,640,1,0.9,"Nhiều trái dừa với kích thước, hình dạng và màu vỏ (xanh và nâu khô) thể hiện rõ, đủ để đánh giá độ chín.",0,0.2,"Chỉ thấy một phần nhỏ lá dừa ở góc dưới, không đủ diện tích phiến lá để đánh giá tình trạng bệnh lá.",0,0.15,"Không thấy rõ bề mặt thân cây, chỉ có phần cuống buồng và cụm trái che khuất phần thân chính.",0,0.1,"Không thấy đỉnh đọt/ngọn cây, ảnh chỉ tập trung vào buồng trái dừa.",0,0.15,"Không thấy rõ cuống lá dừa, chỉ có cuống buồng trái và một phần lá nhỏ ở góc ảnh."
48_jpg.rf.9198c4ace81b0b05437fd612a9298e89,coconut-veirf-v5,Dataset/coconut-veirf-v5/train/images/48_jpg.rf.9198c4ace81b0b05437fd612a9298e89.jpg,True,,2290.5,122.6,640,1,0.9,"Ảnh cho thấy rõ nhiều trái dừa với vỏ màu xanh-nâu, kích thước và hình dạng rõ nét, đủ để đánh giá độ chín.",0,0.15,"Chỉ thấy một phần nhỏ lá dừa ở góc dưới, không đủ diện tích phiến lá để đánh giá tình trạng mặt lá.",0,0.1,"Không thấy rõ bề mặt thân hoặc gốc cây, chỉ có cuống và trái dừa che khuất phần thân.",0,0.1,"Không nhìn thấy đỉnh đọt/ngọn cây, ảnh tập trung vào cụm trái và cuống.",-1,0.6,"Có thể thấy các đoạn cuống lá (nhánh dài, cong) gắn với trái dừa, đủ để nhận định phần nào về tư thế cuống."
614_jpg.rf.3b800ac8ce0efae6bdb1cb432488c855,coconut-veirf-v5,Dataset/coconut-veirf-v5/train/images/614_jpg.rf.3b800ac8ce0efae6bdb1cb432488c855.jpg,True,,862.7,119.9,640,1,0.95,"Chùm dừa xanh hiện rõ, kích thước và màu vỏ có thể đánh giá độ chín (dừa tươi/xanh).",0,0.2,"Chỉ thấy góc nhỏ của tàu lá phía trên, phiến lá không hiện rõ đủ để đánh giá tình trạng mặt lá.",-1,0.6,"Phần thân/bẹ phía dưới trái dừa hiện ra một phần, có thể quan sát màu sắc và bề mặt nhưng bị lá che một phần.",0,0.1,"Không thấy đỉnh đọt/ngọn cây, ảnh chỉ tập trung vào chùm trái và một phần thân/lá.",-1,0.5,"Có thể thấy phần cuống/sống lá phía trên chùm dừa, dù không rõ toàn bộ độ rủ nhưng đủ để nhận định phần nào."
668_jpg.rf.ad22b2ea82e9568026d64dc03719d029,coconut-veirf-v5,Dataset/coconut-veirf-v5/train/images/668_jpg.rf.ad22b2ea82e9568026d64dc03719d029.jpg,True,,936.8,133.0,640,1,0.9,"Nhiều trái dừa màu cam-đỏ rõ ràng, hình dạng và vỏ hiện rõ đủ để đánh giá độ chín.",0,0.2,"Chỉ thấy một phần nhỏ lá/gân lá phía cạnh khung hình, không thấy rõ phiến lá để đánh giá bệnh.",-1,0.6,"Có thể thấy một phần thân/gốc phía dưới ảnh, tuy bị che khuất phần nào bởi lá và trái nhưng vẫn quan sát được bề mặt vỏ thân.",1,0.7,"Góc nhìn từ dưới lên vào khu vực đọt/ngọn với các cuống trái tụ lại, có thể quan sát phần đỉnh đọt để đánh giá tình trạng.",0,0.3,"Không thấy rõ cuống lá dài đặc trưng, chỉ thấy các nhánh nhỏ mang trái và một phần lá phụ ở góc, không đủ để đánh giá độ rủ."
722_jpg.rf.2f3b34b174d7c83bef0186f391e0dfb8,coconut-veirf-v5,Dataset/coconut-veirf-v5/train/images/722_jpg.rf.2f3b34b174d7c83bef0186f391e0dfb8.jpg,True,,1469.1,142.9,640,1,0.9,"Nhiều trái dừa xanh hiện rõ, kích thước và màu vỏ đủ để đánh giá độ chín (dạng trái tươi/xanh).",0,0.3,"Chỉ thấy một phần lá phía trên và các nhánh khô, không có phiến lá rõ nét để đánh giá bệnh lá.",0,0.2,"Không thấy rõ bề mặt thân chính hay gốc cây, chỉ có các cuống và bẹ lá che khuất.",0,0.2,"Không thấy đỉnh đọt/ngọn cây, ảnh tập trung vào chùm trái và các nhánh khô.",-1,0.6,"Có thể thấy một số cuống lá và bẹ khô xung quanh chùm trái, đủ để nhận định phần nào về tình trạng cuống lá."
99_jpg.rf.c2bc412d91f490326f8fd30d447e4b32,coconut-veirf-v5,Dataset/coconut-veirf-v5/train/images/99_jpg.rf.c2bc412d91f490326f8fd30d447e4b32.jpg,True,,913.2,172.2,640,1,0.75,"Có thể thấy rõ trái dừa với vỏ xanh, kích thước và hình dạng đủ để đánh giá độ chín, dù có phần bị che khuất nhẹ bởi lá.",0,0.3,"Chỉ thấy các tàu lá và cuống lá phía xa, mờ và bị che khuất nhiều, không thấy rõ phiến lá để đánh giá bệnh trên lá.",0,0.2,"Không thấy rõ bề mặt thân chính hay gốc cây, ảnh chủ yếu là các bẹ lá và cuống, không đủ để đánh giá bệnh thân.",0,0.15,"Không thấy đỉnh đọt/ngọn cây dừa trong ảnh, chỉ có các bẹ lá và trái, không đủ để đánh giá tình trạng đọt.",-1,0.6,"Có thể thấy một số cuống lá (đoạn thân giữa bẹ và lá) ở góc trên và giữa ảnh, đủ để nhận định tư thế/độ rủ dù không hoàn toàn rõ nét."
