lf,image_id,task,vote,confidence,reason,source,path,pred_class,fold
lf5_petiole,BudRootDropping001,5_petiole,1,0.999976396560669,,coconut-tree-disease,Coconut Tree Disease Dataset/Bud Root Dropping/BudRootDropping001.jpg,budroot,0
lf5_petiole,BudRootDropping014,5_petiole,1,0.9999923706054688,,coconut-tree-disease,Coconut Tree Disease Dataset/Bud Root Dropping/BudRootDropping014.jpg,budroot,0
lf5_petiole,BudRootDropping020,5_petiole,1,0.9999998807907104,,coconut-tree-disease,Coconut Tree Disease Dataset/Bud Root Dropping/BudRootDropping020.jpg,budroot,0
lf5_petiole,BudRootDropping022,5_petiole,1,1.0,,coconut-tree-disease,Coconut Tree Disease Dataset/Bud Root Dropping/BudRootDropping022.jpg,budroot,0
lf5_petiole,BudRootDropping045,5_petiole,1,0.9999998807907104,,coconut-tree-disease,Coconut Tree Disease Dataset/Bud Root Dropping/BudRootDropping045.jpg,budroot,0
lf5_petiole,BudRootDropping051,5_petiole,1,0.9999969005584716,,coconut-tree-disease,Coconut Tree Disease Dataset/Bud Root Dropping/BudRootDropping051.jpg,budroot,0
lf5_petiole,BudRootDropping053,5_petiole,1,0.9999964237213136,,coconut-tree-disease,Coconut Tree Disease Dataset/Bud Root Dropping/BudRootDropping053.jpg,budroot,0
lf5_petiole,BudRootDropping061,5_petiole,1,0.9999996423721312,,coconut-tree-disease,Coconut Tree Disease Dataset/Bud Root Dropping/BudRootDropping061.jpg,budroot,0
lf5_petiole,BudRootDropping067,5_petiole,1,0.9999953508377076,,coconut-tree-disease,Coconut Tree Disease Dataset/Bud Root Dropping/BudRootDropping067.jpg,budroot,0
lf5_petiole,BudRootDropping080,5_petiole,1,0.9999982118606568,,coconut-tree-disease,Coconut Tree Disease Dataset/Bud Root Dropping/BudRootDropping080.jpg,budroot,0
lf5_petiole,BudRootDropping086,5_petiole,1,0.9999995231628418,,coconut-tree-disease,Coconut Tree Disease Dataset/Bud Root Dropping/BudRootDropping086.jpg,budroot,0
lf5_petiole,BudRootDropping088,5_petiole,1,0.9999998807907104,,coconut-tree-disease,Coconut Tree Disease Dataset/Bud Root Dropping/BudRootDropping088.jpg,budroot,0
lf5_petiole,BudRootDropping096,5_petiole,1,0.9999990463256836,,coconut-tree-disease,Coconut Tree Disease Dataset/Bud Root Dropping/BudRootDropping096.jpg,budroot,0
lf5_petiole,BudRootDropping098,5_petiole,1,1.0,,coconut-tree-disease,Coconut Tree Disease Dataset/Bud Root Dropping/BudRootDropping098.jpg,budroot,0
lf5_petiole,BudRootDropping100,5_petiole,1,1.0,,coconut-tree-disease,Coconut Tree Disease Dataset/Bud Root Dropping/BudRootDropping100.jpg,budroot,0
lf5_petiole,BudRootDropping109,5_petiole,1,1.0,,coconut-tree-disease,Coconut Tree Disease Dataset/Bud Root Dropping/BudRootDropping109.jpg,budroot,0
lf5_petiole,BudRootDropping110,5_petiole,1,0.9999998807907104,,coconut-tree-disease,Coconut Tree Disease Dataset/Bud Root Dropping/BudRootDropping110.jpg,budroot,0
lf5_petiole,BudRootDropping111,5_petiole,1,0.9999997615814208,,coconut-tree-disease,Coconut Tree Disease Dataset/Bud Root Dropping/BudRootDropping111.jpg,budroot,0
lf5_petiole,BudRootDropping113,5_petiole,1,0.9999994039535522,,coconut-tree-disease,Coconut Tree Disease Dataset/Bud Root Dropping/BudRootDropping113.jpg,budroot,0
lf5_petiole,BudRootDropping114,5_petiole,1,0.9999996423721312,,coconut-tree-disease,Coconut Tree Disease Dataset/Bud Root Dropping/BudRootDropping114.jpg,budroot,0
lf5_petiole,BudRootDropping115,5_petiole,1,0.9999998807907104,,coconut-tree-disease,Coconut Tree Disease Dataset/Bud Root Dropping/BudRootDropping115.jpg,budroot,0
lf5_petiole,BudRootDropping121,5_petiole,1,1.0,,coconut-tree-disease,Coconut Tree Disease Dataset/Bud Root Dropping/BudRootDropping121.jpg,budroot,0
lf5_petiole,BudRootDropping122,5_petiole,1,1.0,,coconut-tree-disease,Coconut Tree Disease Dataset/Bud Root Dropping/BudRootDropping122.jpg,budroot,0
lf5_petiole,BudRootDropping124,5_petiole,1,1.0,,coconut-tree-disease,Coconut Tree Disease Dataset/Bud Root Dropping/BudRootDropping124.jpg,budroot,0
lf5_petiole,BudRootDropping125,5_petiole,1,1.0,,coconut-tree-disease,Coconut Tree Disease Dataset/Bud Root Dropping/BudRootDropping125.jpg,budroot,0
lf5_petiole,BudRootDropping126,5_petiole,1,1.0,,coconut-tree-disease,Coconut Tree Disease Dataset/Bud Root Dropping/BudRootDropping126.jpg,budroot,0
lf5_petiole,BudRootDropping137,5_petiole,1,0.9999996423721312,,coconut-tree-disease,Coconut Tree Disease Dataset/Bud Root Dropping/BudRootDropping137.jpg,budroot,0
lf5_petiole,BudRootDropping142,5_petiole,1,0.9999957084655762,,coconut-tree-disease,Coconut Tree Disease Dataset/Bud Root Dropping/BudRootDropping142.jpg,budroot,0
lf5_petiole,BudRootDropping143,5_petiole,1,0.9999880790710448,,coconut-tree-disease,Coconut Tree Disease Dataset/Bud Root Dropping/BudRootDropping143.jpg,budroot,0
lf5_petiole,BudRootDropping145,5_petiole,1,0.9999964237213136,,coconut-tree-disease,Coconut Tree Disease Dataset/Bud Root Dropping/BudRootDropping145.jpg,budroot,0
lf5_petiole,BudRootDropping146,5_petiole,1,0.9999996423721312,,coconut-tree-disease,Coconut Tree Disease Dataset/Bud Root Dropping/BudRootDropping146.jpg,budroot,0
lf5_petiole,BudRootDropping153,5_petiole,1,0.9999990463256836,,coconut-tree-disease,Coconut Tree Disease Dataset/Bud Root Dropping/BudRootDropping153.jpg,budroot,0
lf5_petiole,BudRootDropping155,5_petiole,1,0.9999994039535522,,coconut-tree-disease,Coconut Tree Disease Dataset/Bud Root Dropping/BudRootDropping155.jpg,budroot,0
lf5_petiole,BudRootDropping158,5_petiole,1,0.9999243021011353,,coconut-tree-disease,Coconut Tree Disease Dataset/Bud Root Dropping/BudRootDropping158.jpg,budroot,0
lf5_petiole,BudRootDropping162,5_petiole,1,0.9999828338623048,,coconut-tree-disease,Coconut Tree Disease Dataset/Bud Root Dropping/BudRootDropping162.jpg,budroot,0
lf5_petiole,BudRootDropping167,5_petiole,1,0.9995242357254028,,coconut-tree-disease,Coconut Tree Disease Dataset/Bud Root Dropping/BudRootDropping167.jpg,budroot,0
lf5_petiole,BudRootDropping181,5_petiole,1,0.9999997615814208,,coconut-tree-disease,Coconut Tree Disease Dataset/Bud Root Dropping/BudRootDropping181.jpg,budroot,0
lf5_petiole,BudRootDropping183,5_petiole,1,0.9999998807907104,,coconut-tree-disease,Coconut Tree Disease Dataset/Bud Root Dropping/BudRootDropping183.jpg,budroot,0
lf5_petiole,BudRootDropping186,5_petiole,1,0.9999997615814208,,coconut-tree-disease,Coconut Tree Disease Dataset/Bud Root Dropping/BudRootDropping186.jpg,budroot,0
lf5_petiole,BudRootDropping189,5_petiole,1,0.9999979734420776,,coconut-tree-disease,Coconut Tree Disease Dataset/Bud Root Dropping/BudRootDropping189.jpg,budroot,0
lf5_petiole,BudRootDropping199,5_petiole,1,0.9999979734420776,,coconut-tree-disease,Coconut Tree Disease Dataset/Bud Root Dropping/BudRootDropping199.jpg,budroot,0
lf5_petiole,BudRootDropping200,5_petiole,1,0.9999996423721312,,coconut-tree-disease,Coconut Tree Disease Dataset/Bud Root Dropping/BudRootDropping200.jpg,budroot,0
lf5_petiole,BudRootDropping202,5_petiole,1,0.9999998807907104,,coconut-tree-disease,Coconut Tree Disease Dataset/Bud Root Dropping/BudRootDropping202.jpg,budroot,0
lf5_petiole,BudRootDropping203,5_petiole,1,0.9999998807907104,,coconut-tree-disease,Coconut Tree Disease Dataset/Bud Root Dropping/BudRootDropping203.jpg,budroot,0
lf5_petiole,BudRootDropping205,5_petiole,1,0.9999998807907104,,coconut-tree-disease,Coconut Tree Disease Dataset/Bud Root Dropping/BudRootDropping205.jpg,budroot,0
lf5_petiole,BudRootDropping217,5_petiole,1,1.0,,coconut-tree-disease,Coconut Tree Disease Dataset/Bud Root Dropping/BudRootDropping217.jpg,budroot,0
lf5_petiole,BudRootDropping223,5_petiole,1,0.9999998807907104,,coconut-tree-disease,Coconut Tree Disease Dataset/Bud Root Dropping/BudRootDropping223.jpg,budroot,0
lf5_petiole,BudRootDropping232,5_petiole,1,0.9999998807907104,,coconut-tree-disease,Coconut Tree Disease Dataset/Bud Root Dropping/BudRootDropping232.jpg,budroot,0
lf5_petiole,BudRootDropping233,5_petiole,1,0.9999998807907104,,coconut-tree-disease,Coconut Tree Disease Dataset/Bud Root Dropping/BudRootDropping233.jpg,budroot,0
lf5_petiole,BudRootDropping237,5_petiole,1,1.0,,coconut-tree-disease,Coconut Tree Disease Dataset/Bud Root Dropping/BudRootDropping237.jpg,budroot,0
lf5_petiole,BudRootDropping241,5_petiole,1,1.0,,coconut-tree-disease,Coconut Tree Disease Dataset/Bud Root Dropping/BudRootDropping241.jpg,budroot,0
lf5_petiole,BudRootDropping248,5_petiole,1,1.0,,coconut-tree-disease,Coconut Tree Disease Dataset/Bud Root Dropping/BudRootDropping248.jpg,budroot,0
lf5_petiole,BudRootDropping249,5_petiole,1,1.0,,coconut-tree-disease,Coconut Tree Disease Dataset/Bud Root Dropping/BudRootDropping249.jpg,budroot,0
lf5_petiole,BudRootDropping253,5_petiole,1,0.9999997615814208,,coconut-tree-disease,Coconut Tree Disease Dataset/Bud Root Dropping/BudRootDropping253.jpg,budroot,0
lf5_petiole,BudRootDropping257,5_petiole,1,1.0,,coconut-tree-disease,Coconut Tree Disease Dataset/Bud Root Dropping/BudRootDropping257.jpg,budroot,0
lf5_petiole,BudRootDropping262,5_petiole,1,0.9999974966049194,,coconut-tree-disease,Coconut Tree Disease Dataset/Bud Root Dropping/BudRootDropping262.jpg,budroot,0
lf5_petiole,BudRootDropping265,5_petiole,1,0.9999984502792358,,coconut-tree-disease,Coconut Tree Disease Dataset/Bud Root Dropping/BudRootDropping265.jpg,budroot,0
lf5_petiole,BudRootDropping269,5_petiole,1,0.9999985694885254,,coconut-tree-disease,Coconut Tree Disease Dataset/Bud Root Dropping/BudRootDropping269.jpg,budroot,0
lf5_petiole,BudRootDropping270,5_petiole,1,0.9999991655349731,,coconut-tree-disease,Coconut Tree Disease Dataset/Bud Root Dropping/BudRootDropping270.jpg,budroot,0
lf5_petiole,BudRootDropping280,5_petiole,1,0.9999998807907104,,coconut-tree-disease,Coconut Tree Disease Dataset/Bud Root Dropping/BudRootDropping280.jpg,budroot,0
lf5_petiole,BudRootDropping296,5_petiole,1,0.9999992847442628,,coconut-tree-disease,Coconut Tree Disease Dataset/Bud Root Dropping/BudRootDropping296.jpg,budroot,0
lf5_petiole,BudRootDropping302,5_petiole,1,1.0,,coconut-tree-disease,Coconut Tree Disease Dataset/Bud Root Dropping/BudRootDropping302.jpg,budroot,0
lf5_petiole,BudRootDropping306,5_petiole,1,0.9999871253967284,,coconut-tree-disease,Coconut Tree Disease Dataset/Bud Root Dropping/BudRootDropping306.jpg,budroot,0
lf5_petiole,BudRootDropping308,5_petiole,1,0.9999934434890748,,coconut-tree-disease,Coconut Tree Disease Dataset/Bud Root Dropping/BudRootDropping308.jpg,budroot,0
lf5_petiole,BudRootDropping309,5_petiole,1,0.999912977218628,,coconut-tree-disease,Coconut Tree Disease Dataset/Bud Root Dropping/BudRootDropping309.jpg,budroot,0
lf5_petiole,BudRootDropping314,5_petiole,1,0.9999887943267822,,coconut-tree-disease,Coconut Tree Disease Dataset/Bud Root Dropping/BudRootDropping314.jpg,budroot,0
lf5_petiole,BudRootDropping323,5_petiole,1,1.0,,coconut-tree-disease,Coconut Tree Disease Dataset/Bud Root Dropping/BudRootDropping323.jpg,budroot,0
lf5_petiole,BudRootDropping324,5_petiole,1,1.0,,coconut-tree-disease,Coconut Tree Disease Dataset/Bud Root Dropping/BudRootDropping324.jpg,budroot,0
lf5_petiole,BudRootDropping326,5_petiole,1,1.0,,coconut-tree-disease,Coconut Tree Disease Dataset/Bud Root Dropping/BudRootDropping326.jpg,budroot,0
lf5_petiole,BudRootDropping329,5_petiole,1,1.0,,coconut-tree-disease,Coconut Tree Disease Dataset/Bud Root Dropping/BudRootDropping329.jpg,budroot,0
lf5_petiole,BudRootDropping332,5_petiole,1,1.0,,coconut-tree-disease,Coconut Tree Disease Dataset/Bud Root Dropping/BudRootDropping332.jpg,budroot,0
lf5_petiole,BudRootDropping346,5_petiole,1,0.9999997615814208,,coconut-tree-disease,Coconut Tree Disease Dataset/Bud Root Dropping/BudRootDropping346.jpg,budroot,0
lf5_petiole,BudRootDropping351,5_petiole,1,0.999997854232788,,coconut-tree-disease,Coconut Tree Disease Dataset/Bud Root Dropping/BudRootDropping351.jpg,budroot,0
lf5_petiole,BudRootDropping352,5_petiole,1,0.9999184608459472,,coconut-tree-disease,Coconut Tree Disease Dataset/Bud Root Dropping/BudRootDropping352.jpg,budroot,0
lf5_petiole,BudRootDropping357,5_petiole,1,0.9997807145118712,,coconut-tree-disease,Coconut Tree Disease Dataset/Bud Root Dropping/BudRootDropping357.jpg,budroot,0
lf5_petiole,BudRootDropping364,5_petiole,1,0.9999998807907104,,coconut-tree-disease,Coconut Tree Disease Dataset/Bud Root Dropping/BudRootDropping364.jpg,budroot,0
lf5_petiole,BudRootDropping365,5_petiole,1,0.9999998807907104,,coconut-tree-disease,Coconut Tree Disease Dataset/Bud Root Dropping/BudRootDropping365.jpg,budroot,0
lf5_petiole,BudRootDropping373,5_petiole,1,1.0,,coconut-tree-disease,Coconut Tree Disease Dataset/Bud Root Dropping/BudRootDropping373.jpg,budroot,0
lf5_petiole,BudRootDropping383,5_petiole,1,0.9999982118606568,,coconut-tree-disease,Coconut Tree Disease Dataset/Bud Root Dropping/BudRootDropping383.jpg,budroot,0
lf5_petiole,BudRootDropping385,5_petiole,1,0.9999969005584716,,coconut-tree-disease,Coconut Tree Disease Dataset/Bud Root Dropping/BudRootDropping385.jpg,budroot,0
lf5_petiole,BudRootDropping391,5_petiole,1,0.9999794960021972,,coconut-tree-disease,Coconut Tree Disease Dataset/Bud Root Dropping/BudRootDropping391.jpg,budroot,0
lf5_petiole,BudRootDropping392,5_petiole,1,0.9999758005142212,,coconut-tree-disease,Coconut Tree Disease Dataset/Bud Root Dropping/BudRootDropping392.jpg,budroot,0
lf5_petiole,BudRootDropping396,5_petiole,1,0.9999666213989258,,coconut-tree-disease,Coconut Tree Disease Dataset/Bud Root Dropping/BudRootDropping396.jpg,budroot,0
lf5_petiole,BudRootDropping397,5_petiole,1,0.9999706745147704,,coconut-tree-disease,Coconut Tree Disease Dataset/Bud Root Dropping/BudRootDropping397.jpg,budroot,0
lf5_petiole,BudRootDropping398,5_petiole,1,0.9999749660491944,,coconut-tree-disease,Coconut Tree Disease Dataset/Bud Root Dropping/BudRootDropping398.jpg,budroot,0
lf5_petiole,BudRootDropping399,5_petiole,1,0.9999619722366332,,coconut-tree-disease,Coconut Tree Disease Dataset/Bud Root Dropping/BudRootDropping399.jpg,budroot,0
lf5_petiole,BudRootDropping403,5_petiole,1,0.9999393224716188,,coconut-tree-disease,Coconut Tree Disease Dataset/Bud Root Dropping/BudRootDropping403.jpg,budroot,0
lf5_petiole,BudRootDropping404,5_petiole,1,0.9996861219406128,,coconut-tree-disease,Coconut Tree Disease Dataset/Bud Root Dropping/BudRootDropping404.jpg,budroot,0
lf5_petiole,BudRootDropping406,5_petiole,1,0.9997931122779846,,coconut-tree-disease,Coconut Tree Disease Dataset/Bud Root Dropping/BudRootDropping406.jpg,budroot,0
lf5_petiole,BudRootDropping415,5_petiole,1,0.9999992847442628,,coconut-tree-disease,Coconut Tree Disease Dataset/Bud Root Dropping/BudRootDropping415.jpg,budroot,0
lf5_petiole,BudRootDropping420,5_petiole,1,0.9999980926513672,,coconut-tree-disease,Coconut Tree Disease Dataset/Bud Root Dropping/BudRootDropping420.jpg,budroot,0
lf5_petiole,BudRootDropping429,5_petiole,1,0.9999988079071044,,coconut-tree-disease,Coconut Tree Disease Dataset/Bud Root Dropping/BudRootDropping429.jpg,budroot,0
lf5_petiole,BudRootDropping441,5_petiole,1,1.0,,coconut-tree-disease,Coconut Tree Disease Dataset/Bud Root Dropping/BudRootDropping441.jpg,budroot,0
lf5_petiole,BudRootDropping445,5_petiole,1,1.0,,coconut-tree-disease,Coconut Tree Disease Dataset/Bud Root Dropping/BudRootDropping445.jpg,budroot,0
lf5_petiole,BudRootDropping448,5_petiole,1,1.0,,coconut-tree-disease,Coconut Tree Disease Dataset/Bud Root Dropping/BudRootDropping448.jpg,budroot,0
lf5_petiole,BudRootDropping453,5_petiole,1,0.9999997615814208,,coconut-tree-disease,Coconut Tree Disease Dataset/Bud Root Dropping/BudRootDropping453.jpg,budroot,0
lf5_petiole,BudRootDropping456,5_petiole,1,0.9999998807907104,,coconut-tree-disease,Coconut Tree Disease Dataset/Bud Root Dropping/BudRootDropping456.jpg,budroot,0
lf5_petiole,BudRootDropping468,5_petiole,1,0.9999991655349731,,coconut-tree-disease,Coconut Tree Disease Dataset/Bud Root Dropping/BudRootDropping468.jpg,budroot,0
lf5_petiole,BudRootDropping469,5_petiole,1,0.9999994039535522,,coconut-tree-disease,Coconut Tree Disease Dataset/Bud Root Dropping/BudRootDropping469.jpg,budroot,0
lf5_petiole,BudRootDropping473,5_petiole,1,0.999997854232788,,coconut-tree-disease,Coconut Tree Disease Dataset/Bud Root Dropping/BudRootDropping473.jpg,budroot,0
lf5_petiole,BudRootDropping475,5_petiole,1,0.9999988079071044,,coconut-tree-disease,Coconut Tree Disease Dataset/Bud Root Dropping/BudRootDropping475.jpg,budroot,0
lf5_petiole,BudRootDropping479,5_petiole,1,0.9999997615814208,,coconut-tree-disease,Coconut Tree Disease Dataset/Bud Root Dropping/BudRootDropping479.jpg,budroot,0
lf5_petiole,BudRootDropping484,5_petiole,1,0.9999997615814208,,coconut-tree-disease,Coconut Tree Disease Dataset/Bud Root Dropping/BudRootDropping484.jpg,budroot,0
lf5_petiole,BudRootDropping487,5_petiole,1,0.9999983310699464,,coconut-tree-disease,Coconut Tree Disease Dataset/Bud Root Dropping/BudRootDropping487.jpg,budroot,0
lf5_petiole,BudRootDropping490,5_petiole,1,0.999992847442627,,coconut-tree-disease,Coconut Tree Disease Dataset/Bud Root Dropping/BudRootDropping490.jpg,budroot,0
lf5_petiole,BudRootDropping509,5_petiole,1,0.9999970197677612,,coconut-tree-disease,Coconut Tree Disease Dataset/Bud Root Dropping/BudRootDropping509.jpg,budroot,0
lf5_petiole,BudRootDropping003,5_petiole,1,0.999995231628418,,coconut-tree-disease,Coconut Tree Disease Dataset/Bud Root Dropping/BudRootDropping003.jpg,budroot,1
lf5_petiole,BudRootDropping008,5_petiole,1,0.9999604225158693,,coconut-tree-disease,Coconut Tree Disease Dataset/Bud Root Dropping/BudRootDropping008.jpg,budroot,1
lf5_petiole,BudRootDropping013,5_petiole,1,0.9999562501907348,,coconut-tree-disease,Coconut Tree Disease Dataset/Bud Root Dropping/BudRootDropping013.jpg,budroot,1
lf5_petiole,BudRootDropping017,5_petiole,1,0.9999995231628418,,coconut-tree-disease,Coconut Tree Disease Dataset/Bud Root Dropping/BudRootDropping017.jpg,budroot,1
lf5_petiole,BudRootDropping023,5_petiole,1,0.9999997615814208,,coconut-tree-disease,Coconut Tree Disease Dataset/Bud Root Dropping/BudRootDropping023.jpg,budroot,1
lf5_petiole,BudRootDropping024,5_petiole,1,0.9999997615814208,,coconut-tree-disease,Coconut Tree Disease Dataset/Bud Root Dropping/BudRootDropping024.jpg,budroot,1
lf5_petiole,BudRootDropping031,5_petiole,1,0.9999996423721312,,coconut-tree-disease,Coconut Tree Disease Dataset/Bud Root Dropping/BudRootDropping031.jpg,budroot,1
lf5_petiole,BudRootDropping032,5_petiole,1,0.9999996423721312,,coconut-tree-disease,Coconut Tree Disease Dataset/Bud Root Dropping/BudRootDropping032.jpg,budroot,1
lf5_petiole,BudRootDropping036,5_petiole,1,0.9999984502792358,,coconut-tree-disease,Coconut Tree Disease Dataset/Bud Root Dropping/BudRootDropping036.jpg,budroot,1
lf5_petiole,BudRootDropping041,5_petiole,1,0.9999986886978148,,coconut-tree-disease,Coconut Tree Disease Dataset/Bud Root Dropping/BudRootDropping041.jpg,budroot,1
lf5_petiole,BudRootDropping057,5_petiole,1,0.9999992847442628,,coconut-tree-disease,Coconut Tree Disease Dataset/Bud Root Dropping/BudRootDropping057.jpg,budroot,1
lf5_petiole,BudRootDropping062,5_petiole,1,0.9999998807907104,,coconut-tree-disease,Coconut Tree Disease Dataset/Bud Root Dropping/BudRootDropping062.jpg,budroot,1
lf5_petiole,BudRootDropping063,5_petiole,1,0.9999996423721312,,coconut-tree-disease,Coconut Tree Disease Dataset/Bud Root Dropping/BudRootDropping063.jpg,budroot,1
lf5_petiole,BudRootDropping070,5_petiole,1,0.9999998807907104,,coconut-tree-disease,Coconut Tree Disease Dataset/Bud Root Dropping/BudRootDropping070.jpg,budroot,1
lf5_petiole,BudRootDropping072,5_petiole,1,1.0,,coconut-tree-disease,Coconut Tree Disease Dataset/Bud Root Dropping/BudRootDropping072.jpg,budroot,1
lf5_petiole,BudRootDropping073,5_petiole,1,0.9999995231628418,,coconut-tree-disease,Coconut Tree Disease Dataset/Bud Root Dropping/BudRootDropping073.jpg,budroot,1
lf5_petiole,BudRootDropping081,5_petiole,1,0.9999943971633912,,coconut-tree-disease,Coconut Tree Disease Dataset/Bud Root Dropping/BudRootDropping081.jpg,budroot,1
lf5_petiole,BudRootDropping082,5_petiole,1,0.9999778270721436,,coconut-tree-disease,Coconut Tree Disease Dataset/Bud Root Dropping/BudRootDropping082.jpg,budroot,1
lf5_petiole,BudRootDropping083,5_petiole,1,0.9999837875366212,,coconut-tree-disease,Coconut Tree Disease Dataset/Bud Root Dropping/BudRootDropping083.jpg,budroot,1
lf5_petiole,BudRootDropping095,5_petiole,1,0.9999896287918092,,coconut-tree-disease,Coconut Tree Disease Dataset/Bud Root Dropping/BudRootDropping095.jpg,budroot,1
lf5_petiole,BudRootDropping102,5_petiole,1,0.999996781349182,,coconut-tree-disease,Coconut Tree Disease Dataset/Bud Root Dropping/BudRootDropping102.jpg,budroot,1
lf5_petiole,BudRootDropping106,5_petiole,1,0.9999942779541016,,coconut-tree-disease,Coconut Tree Disease Dataset/Bud Root Dropping/BudRootDropping106.jpg,budroot,1
lf5_petiole,BudRootDropping107,5_petiole,1,0.9999953508377076,,coconut-tree-disease,Coconut Tree Disease Dataset/Bud Root Dropping/BudRootDropping107.jpg,budroot,1
lf5_petiole,BudRootDropping117,5_petiole,1,0.9999923706054688,,coconut-tree-disease,Coconut Tree Disease Dataset/Bud Root Dropping/BudRootDropping117.jpg,budroot,1
lf5_petiole,BudRootDropping119,5_petiole,1,0.999990701675415,,coconut-tree-disease,Coconut Tree Disease Dataset/Bud Root Dropping/BudRootDropping119.jpg,budroot,1
lf5_petiole,BudRootDropping128,5_petiole,1,1.0,,coconut-tree-disease,Coconut Tree Disease Dataset/Bud Root Dropping/BudRootDropping128.jpg,budroot,1
lf5_petiole,BudRootDropping135,5_petiole,1,1.0,,coconut-tree-disease,Coconut Tree Disease Dataset/Bud Root Dropping/BudRootDropping135.jpg,budroot,1
lf5_petiole,BudRootDropping136,5_petiole,1,1.0,,coconut-tree-disease,Coconut Tree Disease Dataset/Bud Root Dropping/BudRootDropping136.jpg,budroot,1
lf5_petiole,BudRootDropping138,5_petiole,1,1.0,,coconut-tree-disease,Coconut Tree Disease Dataset/Bud Root Dropping/BudRootDropping138.jpg,budroot,1
lf5_petiole,BudRootDropping149,5_petiole,1,1.0,,coconut-tree-disease,Coconut Tree Disease Dataset/Bud Root Dropping/BudRootDropping149.jpg,budroot,1
lf5_petiole,BudRootDropping159,5_petiole,1,0.9999979734420776,,coconut-tree-disease,Coconut Tree Disease Dataset/Bud Root Dropping/BudRootDropping159.jpg,budroot,1
lf5_petiole,BudRootDropping166,5_petiole,1,0.99998939037323,,coconut-tree-disease,Coconut Tree Disease Dataset/Bud Root Dropping/BudRootDropping166.jpg,budroot,1
lf5_petiole,BudRootDropping168,5_petiole,1,0.9999648332595824,,coconut-tree-disease,Coconut Tree Disease Dataset/Bud Root Dropping/BudRootDropping168.jpg,budroot,1
lf5_petiole,BudRootDropping171,5_petiole,1,0.999990701675415,,coconut-tree-disease,Coconut Tree Disease Dataset/Bud Root Dropping/BudRootDropping171.jpg,budroot,1
lf5_petiole,BudRootDropping172,5_petiole,1,0.99999737739563,,coconut-tree-disease,Coconut Tree Disease Dataset/Bud Root Dropping/BudRootDropping172.jpg,budroot,1
lf5_petiole,BudRootDropping175,5_petiole,1,0.9999994039535522,,coconut-tree-disease,Coconut Tree Disease Dataset/Bud Root Dropping/BudRootDropping175.jpg,budroot,1
lf5_petiole,BudRootDropping180,5_petiole,1,0.999996542930603,,coconut-tree-disease,Coconut Tree Disease Dataset/Bud Root Dropping/BudRootDropping180.jpg,budroot,1
lf5_petiole,BudRootDropping185,5_petiole,1,0.9999988079071044,,coconut-tree-disease,Coconut Tree Disease Dataset/Bud Root Dropping/BudRootDropping185.jpg,budroot,1
lf5_petiole,BudRootDropping191,5_petiole,1,0.9999958276748656,,coconut-tree-disease,Coconut Tree Disease Dataset/Bud Root Dropping/BudRootDropping191.jpg,budroot,1
lf5_petiole,BudRootDropping196,5_petiole,1,0.999969482421875,,coconut-tree-disease,Coconut Tree Disease Dataset/Bud Root Dropping/BudRootDropping196.jpg,budroot,1
lf5_petiole,BudRootDropping197,5_petiole,1,0.999968647956848,,coconut-tree-disease,Coconut Tree Disease Dataset/Bud Root Dropping/BudRootDropping197.jpg,budroot,1
lf5_petiole,BudRootDropping198,5_petiole,1,0.9999486207962036,,coconut-tree-disease,Coconut Tree Disease Dataset/Bud Root Dropping/BudRootDropping198.jpg,budroot,1
lf5_petiole,BudRootDropping211,5_petiole,1,0.9999994039535522,,coconut-tree-disease,Coconut Tree Disease Dataset/Bud Root Dropping/BudRootDropping211.jpg,budroot,1
lf5_petiole,BudRootDropping218,5_petiole,1,0.9999957084655762,,coconut-tree-disease,Coconut Tree Disease Dataset/Bud Root Dropping/BudRootDropping218.jpg,budroot,1
lf5_petiole,BudRootDropping221,5_petiole,1,0.9999804496765136,,coconut-tree-disease,Coconut Tree Disease Dataset/Bud Root Dropping/BudRootDropping221.jpg,budroot,1
lf5_petiole,BudRootDropping228,5_petiole,1,0.9999985694885254,,coconut-tree-disease,Coconut Tree Disease Dataset/Bud Root Dropping/BudRootDropping228.jpg,budroot,1
lf5_petiole,BudRootDropping229,5_petiole,1,0.9999992847442628,,coconut-tree-disease,Coconut Tree Disease Dataset/Bud Root Dropping/BudRootDropping229.jpg,budroot,1
lf5_petiole,BudRootDropping238,5_petiole,1,0.9999995231628418,,coconut-tree-disease,Coconut Tree Disease Dataset/Bud Root Dropping/BudRootDropping238.jpg,budroot,1
lf5_petiole,BudRootDropping239,5_petiole,1,0.9999995231628418,,coconut-tree-disease,Coconut Tree Disease Dataset/Bud Root Dropping/BudRootDropping239.jpg,budroot,1
lf5_petiole,BudRootDropping244,5_petiole,1,0.9999997615814208,,coconut-tree-disease,Coconut Tree Disease Dataset/Bud Root Dropping/BudRootDropping244.jpg,budroot,1
lf5_petiole,BudRootDropping245,5_petiole,1,0.9999995231628418,,coconut-tree-disease,Coconut Tree Disease Dataset/Bud Root Dropping/BudRootDropping245.jpg,budroot,1
lf5_petiole,BudRootDropping260,5_petiole,1,0.9999988079071044,,coconut-tree-disease,Coconut Tree Disease Dataset/Bud Root Dropping/BudRootDropping260.jpg,budroot,1
lf5_petiole,BudRootDropping275,5_petiole,1,0.9999992847442628,,coconut-tree-disease,Coconut Tree Disease Dataset/Bud Root Dropping/BudRootDropping275.jpg,budroot,1
lf5_petiole,BudRootDropping276,5_petiole,1,0.9999995231628418,,coconut-tree-disease,Coconut Tree Disease Dataset/Bud Root Dropping/BudRootDropping276.jpg,budroot,1
lf5_petiole,BudRootDropping278,5_petiole,1,0.9999991655349731,,coconut-tree-disease,Coconut Tree Disease Dataset/Bud Root Dropping/BudRootDropping278.jpg,budroot,1
lf5_petiole,BudRootDropping281,5_petiole,1,0.9999983310699464,,coconut-tree-disease,Coconut Tree Disease Dataset/Bud Root Dropping/BudRootDropping281.jpg,budroot,1
lf5_petiole,BudRootDropping284,5_petiole,1,0.9999921321868896,,coconut-tree-disease,Coconut Tree Disease Dataset/Bud Root Dropping/BudRootDropping284.jpg,budroot,1
lf5_petiole,BudRootDropping288,5_petiole,1,0.9998416900634766,,coconut-tree-disease,Coconut Tree Disease Dataset/Bud Root Dropping/BudRootDropping288.jpg,budroot,1
lf5_petiole,BudRootDropping289,5_petiole,1,0.9994468092918396,,coconut-tree-disease,Coconut Tree Disease Dataset/Bud Root Dropping/BudRootDropping289.jpg,budroot,1
lf5_petiole,BudRootDropping294,5_petiole,1,0.9999996423721312,,coconut-tree-disease,Coconut Tree Disease Dataset/Bud Root Dropping/BudRootDropping294.jpg,budroot,1
lf5_petiole,BudRootDropping311,5_petiole,1,0.9999997615814208,,coconut-tree-disease,Coconut Tree Disease Dataset/Bud Root Dropping/BudRootDropping311.jpg,budroot,1
lf5_petiole,BudRootDropping313,5_petiole,1,1.0,,coconut-tree-disease,Coconut Tree Disease Dataset/Bud Root Dropping/BudRootDropping313.jpg,budroot,1
lf5_petiole,BudRootDropping321,5_petiole,1,0.999969244003296,,coconut-tree-disease,Coconut Tree Disease Dataset/Bud Root Dropping/BudRootDropping321.jpg,budroot,1
lf5_petiole,BudRootDropping331,5_petiole,1,0.9999887943267822,,coconut-tree-disease,Coconut Tree Disease Dataset/Bud Root Dropping/BudRootDropping331.jpg,budroot,1
lf5_petiole,BudRootDropping334,5_petiole,1,0.9999890327453612,,coconut-tree-disease,Coconut Tree Disease Dataset/Bud Root Dropping/BudRootDropping334.jpg,budroot,1
lf5_petiole,BudRootDropping335,5_petiole,1,0.999990701675415,,coconut-tree-disease,Coconut Tree Disease Dataset/Bud Root Dropping/BudRootDropping335.jpg,budroot,1
lf5_petiole,BudRootDropping341,5_petiole,1,0.9999815225601196,,coconut-tree-disease,Coconut Tree Disease Dataset/Bud Root Dropping/BudRootDropping341.jpg,budroot,1
lf5_petiole,BudRootDropping342,5_petiole,1,0.9999790191650392,,coconut-tree-disease,Coconut Tree Disease Dataset/Bud Root Dropping/BudRootDropping342.jpg,budroot,1
lf5_petiole,BudRootDropping347,5_petiole,1,0.9999971389770508,,coconut-tree-disease,Coconut Tree Disease Dataset/Bud Root Dropping/BudRootDropping347.jpg,budroot,1
lf5_petiole,BudRootDropping348,5_petiole,1,0.9999940395355223,,coconut-tree-disease,Coconut Tree Disease Dataset/Bud Root Dropping/BudRootDropping348.jpg,budroot,1
lf5_petiole,BudRootDropping356,5_petiole,1,0.9999935626983644,,coconut-tree-disease,Coconut Tree Disease Dataset/Bud Root Dropping/BudRootDropping356.jpg,budroot,1
lf5_petiole,BudRootDropping360,5_petiole,1,0.9999995231628418,,coconut-tree-disease,Coconut Tree Disease Dataset/Bud Root Dropping/BudRootDropping360.jpg,budroot,1
lf5_petiole,BudRootDropping362,5_petiole,1,0.9999997615814208,,coconut-tree-disease,Coconut Tree Disease Dataset/Bud Root Dropping/BudRootDropping362.jpg,budroot,1
lf5_petiole,BudRootDropping366,5_petiole,1,0.9999998807907104,,coconut-tree-disease,Coconut Tree Disease Dataset/Bud Root Dropping/BudRootDropping366.jpg,budroot,1
lf5_petiole,BudRootDropping389,5_petiole,1,0.9999996423721312,,coconut-tree-disease,Coconut Tree Disease Dataset/Bud Root Dropping/BudRootDropping389.jpg,budroot,1
lf5_petiole,BudRootDropping394,5_petiole,1,0.9999982118606568,,coconut-tree-disease,Coconut Tree Disease Dataset/Bud Root Dropping/BudRootDropping394.jpg,budroot,1
lf5_petiole,BudRootDropping402,5_petiole,1,0.9999998807907104,,coconut-tree-disease,Coconut Tree Disease Dataset/Bud Root Dropping/BudRootDropping402.jpg,budroot,1
lf5_petiole,BudRootDropping412,5_petiole,1,0.9999994039535522,,coconut-tree-disease,Coconut Tree Disease Dataset/Bud Root Dropping/BudRootDropping412.jpg,budroot,1
lf5_petiole,BudRootDropping413,5_petiole,1,0.9999918937683104,,coconut-tree-disease,Coconut Tree Disease Dataset/Bud Root Dropping/BudRootDropping413.jpg,budroot,1
lf5_petiole,BudRootDropping416,5_petiole,1,0.9999890327453612,,coconut-tree-disease,Coconut Tree Disease Dataset/Bud Root Dropping/BudRootDropping416.jpg,budroot,1
lf5_petiole,BudRootDropping417,5_petiole,1,0.9999958276748656,,coconut-tree-disease,Coconut Tree Disease Dataset/Bud Root Dropping/BudRootDropping417.jpg,budroot,1
lf5_petiole,BudRootDropping419,5_petiole,1,0.9999927282333374,,coconut-tree-disease,Coconut Tree Disease Dataset/Bud Root Dropping/BudRootDropping419.jpg,budroot,1
lf5_petiole,BudRootDropping422,5_petiole,1,0.999997615814209,,coconut-tree-disease,Coconut Tree Disease Dataset/Bud Root Dropping/BudRootDropping422.jpg,budroot,1
lf5_petiole,BudRootDropping426,5_petiole,1,0.999976396560669,,coconut-tree-disease,Coconut Tree Disease Dataset/Bud Root Dropping/BudRootDropping426.jpg,budroot,1
lf5_petiole,BudRootDropping428,5_petiole,1,0.9999948740005492,,coconut-tree-disease,Coconut Tree Disease Dataset/Bud Root Dropping/BudRootDropping428.jpg,budroot,1
lf5_petiole,BudRootDropping430,5_petiole,1,0.9999939203262328,,coconut-tree-disease,Coconut Tree Disease Dataset/Bud Root Dropping/BudRootDropping430.jpg,budroot,1
lf5_petiole,BudRootDropping432,5_petiole,1,0.9999932050704956,,coconut-tree-disease,Coconut Tree Disease Dataset/Bud Root Dropping/BudRootDropping432.jpg,budroot,1
lf5_petiole,BudRootDropping433,5_petiole,1,0.999985933303833,,coconut-tree-disease,Coconut Tree Disease Dataset/Bud Root Dropping/BudRootDropping433.jpg,budroot,1
lf5_petiole,BudRootDropping434,5_petiole,1,0.9999949932098388,,coconut-tree-disease,Coconut Tree Disease Dataset/Bud Root Dropping/BudRootDropping434.jpg,budroot,1
lf5_petiole,BudRootDropping435,5_petiole,1,0.9999977350234984,,coconut-tree-disease,Coconut Tree Disease Dataset/Bud Root Dropping/BudRootDropping435.jpg,budroot,1
lf5_petiole,BudRootDropping436,5_petiole,1,0.9999984502792358,,coconut-tree-disease,Coconut Tree Disease Dataset/Bud Root Dropping/BudRootDropping436.jpg,budroot,1
lf5_petiole,BudRootDropping437,5_petiole,1,0.9999985694885254,,coconut-tree-disease,Coconut Tree Disease Dataset/Bud Root Dropping/BudRootDropping437.jpg,budroot,1
lf5_petiole,BudRootDropping440,5_petiole,1,0.9999985694885254,,coconut-tree-disease,Coconut Tree Disease Dataset/Bud Root Dropping/BudRootDropping440.jpg,budroot,1
lf5_petiole,BudRootDropping455,5_petiole,1,0.9999936819076538,,coconut-tree-disease,Coconut Tree Disease Dataset/Bud Root Dropping/BudRootDropping455.jpg,budroot,1
lf5_petiole,BudRootDropping461,5_petiole,1,0.9999889135360718,,coconut-tree-disease,Coconut Tree Disease Dataset/Bud Root Dropping/BudRootDropping461.jpg,budroot,1
lf5_petiole,BudRootDropping462,5_petiole,1,0.99998939037323,,coconut-tree-disease,Coconut Tree Disease Dataset/Bud Root Dropping/BudRootDropping462.jpg,budroot,1
lf5_petiole,BudRootDropping464,5_petiole,1,0.999993085861206,,coconut-tree-disease,Coconut Tree Disease Dataset/Bud Root Dropping/BudRootDropping464.jpg,budroot,1
lf5_petiole,BudRootDropping472,5_petiole,1,0.9999880790710448,,coconut-tree-disease,Coconut Tree Disease Dataset/Bud Root Dropping/BudRootDropping472.jpg,budroot,1
lf5_petiole,BudRootDropping478,5_petiole,1,0.9999982118606568,,coconut-tree-disease,Coconut Tree Disease Dataset/Bud Root Dropping/BudRootDropping478.jpg,budroot,1
lf5_petiole,BudRootDropping481,5_petiole,1,0.9999908208847046,,coconut-tree-disease,Coconut Tree Disease Dataset/Bud Root Dropping/BudRootDropping481.jpg,budroot,1
lf5_petiole,BudRootDropping483,5_petiole,1,0.9999958276748656,,coconut-tree-disease,Coconut Tree Disease Dataset/Bud Root Dropping/BudRootDropping483.jpg,budroot,1
lf5_petiole,BudRootDropping500,5_petiole,1,0.9999873638153076,,coconut-tree-disease,Coconut Tree Disease Dataset/Bud Root Dropping/BudRootDropping500.jpg,budroot,1
lf5_petiole,BudRootDropping503,5_petiole,1,0.999996304512024,,coconut-tree-disease,Coconut Tree Disease Dataset/Bud Root Dropping/BudRootDropping503.jpg,budroot,1
lf5_petiole,BudRootDropping508,5_petiole,1,0.9999827146530152,,coconut-tree-disease,Coconut Tree Disease Dataset/Bud Root Dropping/BudRootDropping508.jpg,budroot,1
lf5_petiole,BudRootDropping510,5_petiole,1,0.9999603033065796,,coconut-tree-disease,Coconut Tree Disease Dataset/Bud Root Dropping/BudRootDropping510.jpg,budroot,1
lf5_petiole,BudRootDropping513,5_petiole,1,0.9998076558113098,,coconut-tree-disease,Coconut Tree Disease Dataset/Bud Root Dropping/BudRootDropping513.jpg,budroot,1
lf5_petiole,BudRootDropping007,5_petiole,1,0.9999997615814208,,coconut-tree-disease,Coconut Tree Disease Dataset/Bud Root Dropping/BudRootDropping007.jpg,budroot,2
lf5_petiole,BudRootDropping009,5_petiole,1,0.9999998807907104,,coconut-tree-disease,Coconut Tree Disease Dataset/Bud Root Dropping/BudRootDropping009.jpg,budroot,2
lf5_petiole,BudRootDropping011,5_petiole,1,0.9999998807907104,,coconut-tree-disease,Coconut Tree Disease Dataset/Bud Root Dropping/BudRootDropping011.jpg,budroot,2
lf5_petiole,BudRootDropping018,5_petiole,1,0.999993085861206,,coconut-tree-disease,Coconut Tree Disease Dataset/Bud Root Dropping/BudRootDropping018.jpg,budroot,2
lf5_petiole,BudRootDropping019,5_petiole,1,0.9999955892562866,,coconut-tree-disease,Coconut Tree Disease Dataset/Bud Root Dropping/BudRootDropping019.jpg,budroot,2
lf5_petiole,BudRootDropping021,5_petiole,1,0.9999940395355223,,coconut-tree-disease,Coconut Tree Disease Dataset/Bud Root Dropping/BudRootDropping021.jpg,budroot,2
lf5_petiole,BudRootDropping025,5_petiole,1,0.9999934434890748,,coconut-tree-disease,Coconut Tree Disease Dataset/Bud Root Dropping/BudRootDropping025.jpg,budroot,2
lf5_petiole,BudRootDropping027,5_petiole,1,0.9999939203262328,,coconut-tree-disease,Coconut Tree Disease Dataset/Bud Root Dropping/BudRootDropping027.jpg,budroot,2
lf5_petiole,BudRootDropping028,5_petiole,1,0.999994158744812,,coconut-tree-disease,Coconut Tree Disease Dataset/Bud Root Dropping/BudRootDropping028.jpg,budroot,2
lf5_petiole,BudRootDropping029,5_petiole,1,0.9999940395355223,,coconut-tree-disease,Coconut Tree Disease Dataset/Bud Root Dropping/BudRootDropping029.jpg,budroot,2
lf5_petiole,BudRootDropping030,5_petiole,1,0.9999910593032836,,coconut-tree-disease,Coconut Tree Disease Dataset/Bud Root Dropping/BudRootDropping030.jpg,budroot,2
lf5_petiole,BudRootDropping039,5_petiole,1,0.9999964237213136,,coconut-tree-disease,Coconut Tree Disease Dataset/Bud Root Dropping/BudRootDropping039.jpg,budroot,2
lf5_petiole,BudRootDropping040,5_petiole,1,0.99999737739563,,coconut-tree-disease,Coconut Tree Disease Dataset/Bud Root Dropping/BudRootDropping040.jpg,budroot,2
lf5_petiole,BudRootDropping042,5_petiole,1,0.9999980926513672,,coconut-tree-disease,Coconut Tree Disease Dataset/Bud Root Dropping/BudRootDropping042.jpg,budroot,2
lf5_petiole,BudRootDropping043,5_petiole,1,0.9999984502792358,,coconut-tree-disease,Coconut Tree Disease Dataset/Bud Root Dropping/BudRootDropping043.jpg,budroot,2
lf5_petiole,BudRootDropping046,5_petiole,1,0.9999825954437256,,coconut-tree-disease,Coconut Tree Disease Dataset/Bud Root Dropping/BudRootDropping046.jpg,budroot,2
lf5_petiole,BudRootDropping048,5_petiole,1,0.999996542930603,,coconut-tree-disease,Coconut Tree Disease Dataset/Bud Root Dropping/BudRootDropping048.jpg,budroot,2
lf5_petiole,BudRootDropping049,5_petiole,1,0.9999958276748656,,coconut-tree-disease,Coconut Tree Disease Dataset/Bud Root Dropping/BudRootDropping049.jpg,budroot,2
lf5_petiole,BudRootDropping050,5_petiole,1,0.9999966621398926,,coconut-tree-disease,Coconut Tree Disease Dataset/Bud Root Dropping/BudRootDropping050.jpg,budroot,2
lf5_petiole,BudRootDropping054,5_petiole,1,0.9999960660934448,,coconut-tree-disease,Coconut Tree Disease Dataset/Bud Root Dropping/BudRootDropping054.jpg,budroot,2
lf5_petiole,BudRootDropping060,5_petiole,1,0.9999984502792358,,coconut-tree-disease,Coconut Tree Disease Dataset/Bud Root Dropping/BudRootDropping060.jpg,budroot,2
lf5_petiole,BudRootDropping064,5_petiole,1,0.999994158744812,,coconut-tree-disease,Coconut Tree Disease Dataset/Bud Root Dropping/BudRootDropping064.jpg,budroot,2
lf5_petiole,BudRootDropping069,5_petiole,1,0.999996781349182,,coconut-tree-disease,Coconut Tree Disease Dataset/Bud Root Dropping/BudRootDropping069.jpg,budroot,2
lf5_petiole,BudRootDropping074,5_petiole,1,0.9999946355819702,,coconut-tree-disease,Coconut Tree Disease Dataset/Bud Root Dropping/BudRootDropping074.jpg,budroot,2
lf5_petiole,BudRootDropping078,5_petiole,1,0.9999997615814208,,coconut-tree-disease,Coconut Tree Disease Dataset/Bud Root Dropping/BudRootDropping078.jpg,budroot,2
lf5_petiole,BudRootDropping085,5_petiole,1,0.9999986886978148,,coconut-tree-disease,Coconut Tree Disease Dataset/Bud Root Dropping/BudRootDropping085.jpg,budroot,2
lf5_petiole,BudRootDropping087,5_petiole,1,0.9999979734420776,,coconut-tree-disease,Coconut Tree Disease Dataset/Bud Root Dropping/BudRootDropping087.jpg,budroot,2
lf5_petiole,BudRootDropping092,5_petiole,1,0.9999997615814208,,coconut-tree-disease,Coconut Tree Disease Dataset/Bud Root Dropping/BudRootDropping092.jpg,budroot,2
lf5_petiole,BudRootDropping093,5_petiole,1,0.9999997615814208,,coconut-tree-disease,Coconut Tree Disease Dataset/Bud Root Dropping/BudRootDropping093.jpg,budroot,2
lf5_petiole,BudRootDropping094,5_petiole,1,0.9999996423721312,,coconut-tree-disease,Coconut Tree Disease Dataset/Bud Root Dropping/BudRootDropping094.jpg,budroot,2
lf5_petiole,BudRootDropping103,5_petiole,1,0.9999098777770996,,coconut-tree-disease,Coconut Tree Disease Dataset/Bud Root Dropping/BudRootDropping103.jpg,budroot,2
lf5_petiole,BudRootDropping104,5_petiole,1,0.9999216794967652,,coconut-tree-disease,Coconut Tree Disease Dataset/Bud Root Dropping/BudRootDropping104.jpg,budroot,2
lf5_petiole,BudRootDropping116,5_petiole,1,0.9999885559082032,,coconut-tree-disease,Coconut Tree Disease Dataset/Bud Root Dropping/BudRootDropping116.jpg,budroot,2
lf5_petiole,BudRootDropping118,5_petiole,1,0.9999874830245972,,coconut-tree-disease,Coconut Tree Disease Dataset/Bud Root Dropping/BudRootDropping118.jpg,budroot,2
lf5_petiole,BudRootDropping120,5_petiole,1,0.9999551773071288,,coconut-tree-disease,Coconut Tree Disease Dataset/Bud Root Dropping/BudRootDropping120.jpg,budroot,2
lf5_petiole,BudRootDropping123,5_petiole,1,0.9998605251312256,,coconut-tree-disease,Coconut Tree Disease Dataset/Bud Root Dropping/BudRootDropping123.jpg,budroot,2
lf5_petiole,BudRootDropping130,5_petiole,1,0.9999980926513672,,coconut-tree-disease,Coconut Tree Disease Dataset/Bud Root Dropping/BudRootDropping130.jpg,budroot,2
lf5_petiole,BudRootDropping139,5_petiole,1,0.9999988079071044,,coconut-tree-disease,Coconut Tree Disease Dataset/Bud Root Dropping/BudRootDropping139.jpg,budroot,2
lf5_petiole,BudRootDropping151,5_petiole,1,0.9999994039535522,,coconut-tree-disease,Coconut Tree Disease Dataset/Bud Root Dropping/BudRootDropping151.jpg,budroot,2
lf5_petiole,BudRootDropping152,5_petiole,1,0.9999995231628418,,coconut-tree-disease,Coconut Tree Disease Dataset/Bud Root Dropping/BudRootDropping152.jpg,budroot,2
lf5_petiole,BudRootDropping156,5_petiole,1,0.9999997615814208,,coconut-tree-disease,Coconut Tree Disease Dataset/Bud Root Dropping/BudRootDropping156.jpg,budroot,2
lf5_petiole,BudRootDropping160,5_petiole,1,0.9999996423721312,,coconut-tree-disease,Coconut Tree Disease Dataset/Bud Root Dropping/BudRootDropping160.jpg,budroot,2
lf5_petiole,BudRootDropping161,5_petiole,1,0.9999996423721312,,coconut-tree-disease,Coconut Tree Disease Dataset/Bud Root Dropping/BudRootDropping161.jpg,budroot,2
lf5_petiole,BudRootDropping173,5_petiole,1,1.0,,coconut-tree-disease,Coconut Tree Disease Dataset/Bud Root Dropping/BudRootDropping173.jpg,budroot,2
lf5_petiole,BudRootDropping176,5_petiole,1,0.9999996423721312,,coconut-tree-disease,Coconut Tree Disease Dataset/Bud Root Dropping/BudRootDropping176.jpg,budroot,2
lf5_petiole,BudRootDropping177,5_petiole,1,0.9999997615814208,,coconut-tree-disease,Coconut Tree Disease Dataset/Bud Root Dropping/BudRootDropping177.jpg,budroot,2
lf5_petiole,BudRootDropping188,5_petiole,1,0.9999945163726808,,coconut-tree-disease,Coconut Tree Disease Dataset/Bud Root Dropping/BudRootDropping188.jpg,budroot,2
lf5_petiole,BudRootDropping190,5_petiole,1,0.999990940093994,,coconut-tree-disease,Coconut Tree Disease Dataset/Bud Root Dropping/BudRootDropping190.jpg,budroot,2
lf5_petiole,BudRootDropping194,5_petiole,1,0.9999722242355348,,coconut-tree-disease,Coconut Tree Disease Dataset/Bud Root Dropping/BudRootDropping194.jpg,budroot,2
lf5_petiole,BudRootDropping204,5_petiole,1,0.9999985694885254,,coconut-tree-disease,Coconut Tree Disease Dataset/Bud Root Dropping/BudRootDropping204.jpg,budroot,2
lf5_petiole,BudRootDropping210,5_petiole,1,0.9999986886978148,,coconut-tree-disease,Coconut Tree Disease Dataset/Bud Root Dropping/BudRootDropping210.jpg,budroot,2
lf5_petiole,BudRootDropping214,5_petiole,1,0.999998927116394,,coconut-tree-disease,Coconut Tree Disease Dataset/Bud Root Dropping/BudRootDropping214.jpg,budroot,2
lf5_petiole,BudRootDropping216,5_petiole,1,0.9999984502792358,,coconut-tree-disease,Coconut Tree Disease Dataset/Bud Root Dropping/BudRootDropping216.jpg,budroot,2
lf5_petiole,BudRootDropping219,5_petiole,1,0.9999982118606568,,coconut-tree-disease,Coconut Tree Disease Dataset/Bud Root Dropping/BudRootDropping219.jpg,budroot,2
lf5_petiole,BudRootDropping224,5_petiole,1,0.9999983310699464,,coconut-tree-disease,Coconut Tree Disease Dataset/Bud Root Dropping/BudRootDropping224.jpg,budroot,2
lf5_petiole,BudRootDropping225,5_petiole,1,0.999997854232788,,coconut-tree-disease,Coconut Tree Disease Dataset/Bud Root Dropping/BudRootDropping225.jpg,budroot,2
lf5_petiole,BudRootDropping236,5_petiole,1,0.9999994039535522,,coconut-tree-disease,Coconut Tree Disease Dataset/Bud Root Dropping/BudRootDropping236.jpg,budroot,2
lf5_petiole,BudRootDropping240,5_petiole,1,0.9999994039535522,,coconut-tree-disease,Coconut Tree Disease Dataset/Bud Root Dropping/BudRootDropping240.jpg,budroot,2
lf5_petiole,BudRootDropping242,5_petiole,1,0.9999996423721312,,coconut-tree-disease,Coconut Tree Disease Dataset/Bud Root Dropping/BudRootDropping242.jpg,budroot,2
lf5_petiole,BudRootDropping255,5_petiole,1,0.9999991655349731,,coconut-tree-disease,Coconut Tree Disease Dataset/Bud Root Dropping/BudRootDropping255.jpg,budroot,2
lf5_petiole,BudRootDropping258,5_petiole,1,0.9999979734420776,,coconut-tree-disease,Coconut Tree Disease Dataset/Bud Root Dropping/BudRootDropping258.jpg,budroot,2
lf5_petiole,BudRootDropping267,5_petiole,1,0.9999479055404664,,coconut-tree-disease,Coconut Tree Disease Dataset/Bud Root Dropping/BudRootDropping267.jpg,budroot,2
lf5_petiole,BudRootDropping271,5_petiole,1,0.999996781349182,,coconut-tree-disease,Coconut Tree Disease Dataset/Bud Root Dropping/BudRootDropping271.jpg,budroot,2
lf5_petiole,BudRootDropping274,5_petiole,1,0.999998927116394,,coconut-tree-disease,Coconut Tree Disease Dataset/Bud Root Dropping/BudRootDropping274.jpg,budroot,2
lf5_petiole,BudRootDropping283,5_petiole,1,0.9999994039535522,,coconut-tree-disease,Coconut Tree Disease Dataset/Bud Root Dropping/BudRootDropping283.jpg,budroot,2
lf5_petiole,BudRootDropping286,5_petiole,1,0.9999969005584716,,coconut-tree-disease,Coconut Tree Disease Dataset/Bud Root Dropping/BudRootDropping286.jpg,budroot,2
lf5_petiole,BudRootDropping301,5_petiole,1,0.9999996423721312,,coconut-tree-disease,Coconut Tree Disease Dataset/Bud Root Dropping/BudRootDropping301.jpg,budroot,2
lf5_petiole,BudRootDropping310,5_petiole,1,0.9999982118606568,,coconut-tree-disease,Coconut Tree Disease Dataset/Bud Root Dropping/BudRootDropping310.jpg,budroot,2
lf5_petiole,BudRootDropping312,5_petiole,1,0.999998927116394,,coconut-tree-disease,Coconut Tree Disease Dataset/Bud Root Dropping/BudRootDropping312.jpg,budroot,2
lf5_petiole,BudRootDropping316,5_petiole,1,0.9999982118606568,,coconut-tree-disease,Coconut Tree Disease Dataset/Bud Root Dropping/BudRootDropping316.jpg,budroot,2
lf5_petiole,BudRootDropping322,5_petiole,1,0.999998927116394,,coconut-tree-disease,Coconut Tree Disease Dataset/Bud Root Dropping/BudRootDropping322.jpg,budroot,2
lf5_petiole,BudRootDropping325,5_petiole,1,0.9999991655349731,,coconut-tree-disease,Coconut Tree Disease Dataset/Bud Root Dropping/BudRootDropping325.jpg,budroot,2
lf5_petiole,BudRootDropping327,5_petiole,1,0.9999991655349731,,coconut-tree-disease,Coconut Tree Disease Dataset/Bud Root Dropping/BudRootDropping327.jpg,budroot,2
lf5_petiole,BudRootDropping328,5_petiole,1,0.9999990463256836,,coconut-tree-disease,Coconut Tree Disease Dataset/Bud Root Dropping/BudRootDropping328.jpg,budroot,2
lf5_petiole,BudRootDropping330,5_petiole,1,0.9999988079071044,,coconut-tree-disease,Coconut Tree Disease Dataset/Bud Root Dropping/BudRootDropping330.jpg,budroot,2
lf5_petiole,BudRootDropping339,5_petiole,1,0.9999969005584716,,coconut-tree-disease,Coconut Tree Disease Dataset/Bud Root Dropping/BudRootDropping339.jpg,budroot,2
lf5_petiole,BudRootDropping344,5_petiole,1,0.9999994039535522,,coconut-tree-disease,Coconut Tree Disease Dataset/Bud Root Dropping/BudRootDropping344.jpg,budroot,2
lf5_petiole,BudRootDropping349,5_petiole,1,0.9999985694885254,,coconut-tree-disease,Coconut Tree Disease Dataset/Bud Root Dropping/BudRootDropping349.jpg,budroot,2
lf5_petiole,BudRootDropping361,5_petiole,1,0.9999998807907104,,coconut-tree-disease,Coconut Tree Disease Dataset/Bud Root Dropping/BudRootDropping361.jpg,budroot,2
lf5_petiole,BudRootDropping369,5_petiole,1,0.9999998807907104,,coconut-tree-disease,Coconut Tree Disease Dataset/Bud Root Dropping/BudRootDropping369.jpg,budroot,2
lf5_petiole,BudRootDropping370,5_petiole,1,0.9999998807907104,,coconut-tree-disease,Coconut Tree Disease Dataset/Bud Root Dropping/BudRootDropping370.jpg,budroot,2
lf5_petiole,BudRootDropping372,5_petiole,1,0.9999998807907104,,coconut-tree-disease,Coconut Tree Disease Dataset/Bud Root Dropping/BudRootDropping372.jpg,budroot,2
lf5_petiole,BudRootDropping375,5_petiole,1,0.9999998807907104,,coconut-tree-disease,Coconut Tree Disease Dataset/Bud Root Dropping/BudRootDropping375.jpg,budroot,2
lf5_petiole,BudRootDropping376,5_petiole,1,0.9999995231628418,,coconut-tree-disease,Coconut Tree Disease Dataset/Bud Root Dropping/BudRootDropping376.jpg,budroot,2
lf5_petiole,BudRootDropping378,5_petiole,1,0.9999998807907104,,coconut-tree-disease,Coconut Tree Disease Dataset/Bud Root Dropping/BudRootDropping378.jpg,budroot,2
lf5_petiole,BudRootDropping386,5_petiole,1,0.9999997615814208,,coconut-tree-disease,Coconut Tree Disease Dataset/Bud Root Dropping/BudRootDropping386.jpg,budroot,2
lf5_petiole,BudRootDropping390,5_petiole,1,0.999998927116394,,coconut-tree-disease,Coconut Tree Disease Dataset/Bud Root Dropping/BudRootDropping390.jpg,budroot,2
lf5_petiole,BudRootDropping400,5_petiole,1,0.9999996423721312,,coconut-tree-disease,Coconut Tree Disease Dataset/Bud Root Dropping/BudRootDropping400.jpg,budroot,2
lf5_petiole,BudRootDropping408,5_petiole,1,0.9999984502792358,,coconut-tree-disease,Coconut Tree Disease Dataset/Bud Root Dropping/BudRootDropping408.jpg,budroot,2
lf5_petiole,BudRootDropping409,5_petiole,1,0.9999986886978148,,coconut-tree-disease,Coconut Tree Disease Dataset/Bud Root Dropping/BudRootDropping409.jpg,budroot,2
lf5_petiole,BudRootDropping410,5_petiole,1,0.999997854232788,,coconut-tree-disease,Coconut Tree Disease Dataset/Bud Root Dropping/BudRootDropping410.jpg,budroot,2
lf5_petiole,BudRootDropping411,5_petiole,1,0.9999992847442628,,coconut-tree-disease,Coconut Tree Disease Dataset/Bud Root Dropping/BudRootDropping411.jpg,budroot,2
lf5_petiole,BudRootDropping414,5_petiole,1,0.9999988079071044,,coconut-tree-disease,Coconut Tree Disease Dataset/Bud Root Dropping/BudRootDropping414.jpg,budroot,2
lf5_petiole,BudRootDropping425,5_petiole,1,0.9999995231628418,,coconut-tree-disease,Coconut Tree Disease Dataset/Bud Root Dropping/BudRootDropping425.jpg,budroot,2
lf5_petiole,BudRootDropping431,5_petiole,1,0.9999990463256836,,coconut-tree-disease,Coconut Tree Disease Dataset/Bud Root Dropping/BudRootDropping431.jpg,budroot,2
lf5_petiole,BudRootDropping442,5_petiole,1,0.9999992847442628,,coconut-tree-disease,Coconut Tree Disease Dataset/Bud Root Dropping/BudRootDropping442.jpg,budroot,2
lf5_petiole,BudRootDropping444,5_petiole,1,0.9999992847442628,,coconut-tree-disease,Coconut Tree Disease Dataset/Bud Root Dropping/BudRootDropping444.jpg,budroot,2
lf5_petiole,BudRootDropping446,5_petiole,1,0.9999991655349731,,coconut-tree-disease,Coconut Tree Disease Dataset/Bud Root Dropping/BudRootDropping446.jpg,budroot,2
lf5_petiole,BudRootDropping450,5_petiole,1,0.9999991655349731,,coconut-tree-disease,Coconut Tree Disease Dataset/Bud Root Dropping/BudRootDropping450.jpg,budroot,2
lf5_petiole,BudRootDropping451,5_petiole,1,0.9999985694885254,,coconut-tree-disease,Coconut Tree Disease Dataset/Bud Root Dropping/BudRootDropping451.jpg,budroot,2
lf5_petiole,BudRootDropping460,5_petiole,1,0.9999991655349731,,coconut-tree-disease,Coconut Tree Disease Dataset/Bud Root Dropping/BudRootDropping460.jpg,budroot,2
lf5_petiole,BudRootDropping465,5_petiole,1,0.9999992847442628,,coconut-tree-disease,Coconut Tree Disease Dataset/Bud Root Dropping/BudRootDropping465.jpg,budroot,2
lf5_petiole,BudRootDropping466,5_petiole,1,0.9999990463256836,,coconut-tree-disease,Coconut Tree Disease Dataset/Bud Root Dropping/BudRootDropping466.jpg,budroot,2
lf5_petiole,BudRootDropping470,5_petiole,1,0.9999990463256836,,coconut-tree-disease,Coconut Tree Disease Dataset/Bud Root Dropping/BudRootDropping470.jpg,budroot,2
lf5_petiole,BudRootDropping471,5_petiole,1,0.9999992847442628,,coconut-tree-disease,Coconut Tree Disease Dataset/Bud Root Dropping/BudRootDropping471.jpg,budroot,2
lf5_petiole,BudRootDropping480,5_petiole,1,0.9999994039535522,,coconut-tree-disease,Coconut Tree Disease Dataset/Bud Root Dropping/BudRootDropping480.jpg,budroot,2
lf5_petiole,BudRootDropping485,5_petiole,1,0.9999982118606568,,coconut-tree-disease,Coconut Tree Disease Dataset/Bud Root Dropping/BudRootDropping485.jpg,budroot,2
lf5_petiole,BudRootDropping489,5_petiole,1,0.9999996423721312,,coconut-tree-disease,Coconut Tree Disease Dataset/Bud Root Dropping/BudRootDropping489.jpg,budroot,2
lf5_petiole,BudRootDropping493,5_petiole,1,0.9999996423721312,,coconut-tree-disease,Coconut Tree Disease Dataset/Bud Root Dropping/BudRootDropping493.jpg,budroot,2
lf5_petiole,BudRootDropping494,5_petiole,1,0.9999994039535522,,coconut-tree-disease,Coconut Tree Disease Dataset/Bud Root Dropping/BudRootDropping494.jpg,budroot,2
lf5_petiole,BudRootDropping497,5_petiole,1,0.9999992847442628,,coconut-tree-disease,Coconut Tree Disease Dataset/Bud Root Dropping/BudRootDropping497.jpg,budroot,2
lf5_petiole,BudRootDropping499,5_petiole,1,0.9999992847442628,,coconut-tree-disease,Coconut Tree Disease Dataset/Bud Root Dropping/BudRootDropping499.jpg,budroot,2
lf5_petiole,BudRootDropping501,5_petiole,1,0.999998927116394,,coconut-tree-disease,Coconut Tree Disease Dataset/Bud Root Dropping/BudRootDropping501.jpg,budroot,2
lf5_petiole,BudRootDropping506,5_petiole,1,0.9999985694885254,,coconut-tree-disease,Coconut Tree Disease Dataset/Bud Root Dropping/BudRootDropping506.jpg,budroot,2
lf5_petiole,BudRootDropping507,5_petiole,1,0.999997854232788,,coconut-tree-disease,Coconut Tree Disease Dataset/Bud Root Dropping/BudRootDropping507.jpg,budroot,2
lf5_petiole,BudRootDropping511,5_petiole,1,0.9999985694885254,,coconut-tree-disease,Coconut Tree Disease Dataset/Bud Root Dropping/BudRootDropping511.jpg,budroot,2
lf5_petiole,BudRootDropping004,5_petiole,1,0.9999855756759644,,coconut-tree-disease,Coconut Tree Disease Dataset/Bud Root Dropping/BudRootDropping004.jpg,budroot,3
lf5_petiole,BudRootDropping006,5_petiole,1,0.9999942779541016,,coconut-tree-disease,Coconut Tree Disease Dataset/Bud Root Dropping/BudRootDropping006.jpg,budroot,3
lf5_petiole,BudRootDropping010,5_petiole,1,0.999997854232788,,coconut-tree-disease,Coconut Tree Disease Dataset/Bud Root Dropping/BudRootDropping010.jpg,budroot,3
lf5_petiole,BudRootDropping015,5_petiole,1,0.9998514652252196,,coconut-tree-disease,Coconut Tree Disease Dataset/Bud Root Dropping/BudRootDropping015.jpg,budroot,3
lf5_petiole,BudRootDropping016,5_petiole,1,0.9989519119262696,,coconut-tree-disease,Coconut Tree Disease Dataset/Bud Root Dropping/BudRootDropping016.jpg,budroot,3
lf5_petiole,BudRootDropping026,5_petiole,1,0.9999983310699464,,coconut-tree-disease,Coconut Tree Disease Dataset/Bud Root Dropping/BudRootDropping026.jpg,budroot,3
lf5_petiole,BudRootDropping033,5_petiole,1,0.9999995231628418,,coconut-tree-disease,Coconut Tree Disease Dataset/Bud Root Dropping/BudRootDropping033.jpg,budroot,3
lf5_petiole,BudRootDropping037,5_petiole,1,0.999996304512024,,coconut-tree-disease,Coconut Tree Disease Dataset/Bud Root Dropping/BudRootDropping037.jpg,budroot,3
lf5_petiole,BudRootDropping047,5_petiole,1,0.999998927116394,,coconut-tree-disease,Coconut Tree Disease Dataset/Bud Root Dropping/BudRootDropping047.jpg,budroot,3
lf5_petiole,BudRootDropping055,5_petiole,1,0.9999986886978148,,coconut-tree-disease,Coconut Tree Disease Dataset/Bud Root Dropping/BudRootDropping055.jpg,budroot,3
lf5_petiole,BudRootDropping056,5_petiole,1,0.999997854232788,,coconut-tree-disease,Coconut Tree Disease Dataset/Bud Root Dropping/BudRootDropping056.jpg,budroot,3
lf5_petiole,BudRootDropping059,5_petiole,1,0.9999994039535522,,coconut-tree-disease,Coconut Tree Disease Dataset/Bud Root Dropping/BudRootDropping059.jpg,budroot,3
lf5_petiole,BudRootDropping065,5_petiole,1,0.9999998807907104,,coconut-tree-disease,Coconut Tree Disease Dataset/Bud Root Dropping/BudRootDropping065.jpg,budroot,3
lf5_petiole,BudRootDropping066,5_petiole,1,0.9999997615814208,,coconut-tree-disease,Coconut Tree Disease Dataset/Bud Root Dropping/BudRootDropping066.jpg,budroot,3
lf5_petiole,BudRootDropping075,5_petiole,1,0.9999955892562866,,coconut-tree-disease,Coconut Tree Disease Dataset/Bud Root Dropping/BudRootDropping075.jpg,budroot,3
lf5_petiole,BudRootDropping076,5_petiole,1,0.9999960660934448,,coconut-tree-disease,Coconut Tree Disease Dataset/Bud Root Dropping/BudRootDropping076.jpg,budroot,3
lf5_petiole,BudRootDropping077,5_petiole,1,0.9999970197677612,,coconut-tree-disease,Coconut Tree Disease Dataset/Bud Root Dropping/BudRootDropping077.jpg,budroot,3
lf5_petiole,BudRootDropping079,5_petiole,1,0.999995231628418,,coconut-tree-disease,Coconut Tree Disease Dataset/Bud Root Dropping/BudRootDropping079.jpg,budroot,3
lf5_petiole,BudRootDropping097,5_petiole,1,0.999997615814209,,coconut-tree-disease,Coconut Tree Disease Dataset/Bud Root Dropping/BudRootDropping097.jpg,budroot,3
lf5_petiole,BudRootDropping099,5_petiole,1,0.9999988079071044,,coconut-tree-disease,Coconut Tree Disease Dataset/Bud Root Dropping/BudRootDropping099.jpg,budroot,3
lf5_petiole,BudRootDropping112,5_petiole,1,0.9999219179153442,,coconut-tree-disease,Coconut Tree Disease Dataset/Bud Root Dropping/BudRootDropping112.jpg,budroot,3
lf5_petiole,BudRootDropping127,5_petiole,1,1.0,,coconut-tree-disease,Coconut Tree Disease Dataset/Bud Root Dropping/BudRootDropping127.jpg,budroot,3
lf5_petiole,BudRootDropping129,5_petiole,1,1.0,,coconut-tree-disease,Coconut Tree Disease Dataset/Bud Root Dropping/BudRootDropping129.jpg,budroot,3
lf5_petiole,BudRootDropping131,5_petiole,1,1.0,,coconut-tree-disease,Coconut Tree Disease Dataset/Bud Root Dropping/BudRootDropping131.jpg,budroot,3
lf5_petiole,BudRootDropping132,5_petiole,1,1.0,,coconut-tree-disease,Coconut Tree Disease Dataset/Bud Root Dropping/BudRootDropping132.jpg,budroot,3
lf5_petiole,BudRootDropping147,5_petiole,1,1.0,,coconut-tree-disease,Coconut Tree Disease Dataset/Bud Root Dropping/BudRootDropping147.jpg,budroot,3
lf5_petiole,BudRootDropping154,5_petiole,1,1.0,,coconut-tree-disease,Coconut Tree Disease Dataset/Bud Root Dropping/BudRootDropping154.jpg,budroot,3
lf5_petiole,BudRootDropping157,5_petiole,1,0.9999858140945436,,coconut-tree-disease,Coconut Tree Disease Dataset/Bud Root Dropping/BudRootDropping157.jpg,budroot,3
lf5_petiole,BudRootDropping170,5_petiole,1,0.9999550580978394,,coconut-tree-disease,Coconut Tree Disease Dataset/Bud Root Dropping/BudRootDropping170.jpg,budroot,3
lf5_petiole,BudRootDropping193,5_petiole,1,0.9999924898147584,,coconut-tree-disease,Coconut Tree Disease Dataset/Bud Root Dropping/BudRootDropping193.jpg,budroot,3
lf5_petiole,BudRootDropping195,5_petiole,1,0.999910831451416,,coconut-tree-disease,Coconut Tree Disease Dataset/Bud Root Dropping/BudRootDropping195.jpg,budroot,3
lf5_petiole,BudRootDropping207,5_petiole,1,0.9999998807907104,,coconut-tree-disease,Coconut Tree Disease Dataset/Bud Root Dropping/BudRootDropping207.jpg,budroot,3
lf5_petiole,BudRootDropping208,5_petiole,1,0.9999997615814208,,coconut-tree-disease,Coconut Tree Disease Dataset/Bud Root Dropping/BudRootDropping208.jpg,budroot,3
lf5_petiole,BudRootDropping209,5_petiole,1,0.9999998807907104,,coconut-tree-disease,Coconut Tree Disease Dataset/Bud Root Dropping/BudRootDropping209.jpg,budroot,3
lf5_petiole,BudRootDropping212,5_petiole,1,0.9999998807907104,,coconut-tree-disease,Coconut Tree Disease Dataset/Bud Root Dropping/BudRootDropping212.jpg,budroot,3
lf5_petiole,BudRootDropping213,5_petiole,1,0.9999998807907104,,coconut-tree-disease,Coconut Tree Disease Dataset/Bud Root Dropping/BudRootDropping213.jpg,budroot,3
lf5_petiole,BudRootDropping220,5_petiole,1,0.9999985694885254,,coconut-tree-disease,Coconut Tree Disease Dataset/Bud Root Dropping/BudRootDropping220.jpg,budroot,3
lf5_petiole,BudRootDropping222,5_petiole,1,0.9999972581863404,,coconut-tree-disease,Coconut Tree Disease Dataset/Bud Root Dropping/BudRootDropping222.jpg,budroot,3
lf5_petiole,BudRootDropping226,5_petiole,1,0.9999974966049194,,coconut-tree-disease,Coconut Tree Disease Dataset/Bud Root Dropping/BudRootDropping226.jpg,budroot,3
lf5_petiole,BudRootDropping227,5_petiole,1,0.9999979734420776,,coconut-tree-disease,Coconut Tree Disease Dataset/Bud Root Dropping/BudRootDropping227.jpg,budroot,3
lf5_petiole,BudRootDropping230,5_petiole,1,0.9999997615814208,,coconut-tree-disease,Coconut Tree Disease Dataset/Bud Root Dropping/BudRootDropping230.jpg,budroot,3
lf5_petiole,BudRootDropping234,5_petiole,1,0.9999998807907104,,coconut-tree-disease,Coconut Tree Disease Dataset/Bud Root Dropping/BudRootDropping234.jpg,budroot,3
lf5_petiole,BudRootDropping243,5_petiole,1,0.9999997615814208,,coconut-tree-disease,Coconut Tree Disease Dataset/Bud Root Dropping/BudRootDropping243.jpg,budroot,3
lf5_petiole,BudRootDropping247,5_petiole,1,0.9999998807907104,,coconut-tree-disease,Coconut Tree Disease Dataset/Bud Root Dropping/BudRootDropping247.jpg,budroot,3
lf5_petiole,BudRootDropping252,5_petiole,1,0.9999998807907104,,coconut-tree-disease,Coconut Tree Disease Dataset/Bud Root Dropping/BudRootDropping252.jpg,budroot,3
lf5_petiole,BudRootDropping254,5_petiole,1,0.9999995231628418,,coconut-tree-disease,Coconut Tree Disease Dataset/Bud Root Dropping/BudRootDropping254.jpg,budroot,3
lf5_petiole,BudRootDropping256,5_petiole,1,0.9999979734420776,,coconut-tree-disease,Coconut Tree Disease Dataset/Bud Root Dropping/BudRootDropping256.jpg,budroot,3
lf5_petiole,BudRootDropping263,5_petiole,1,0.9999983310699464,,coconut-tree-disease,Coconut Tree Disease Dataset/Bud Root Dropping/BudRootDropping263.jpg,budroot,3
lf5_petiole,BudRootDropping264,5_petiole,1,0.9999988079071044,,coconut-tree-disease,Coconut Tree Disease Dataset/Bud Root Dropping/BudRootDropping264.jpg,budroot,3
lf5_petiole,BudRootDropping266,5_petiole,1,0.9999994039535522,,coconut-tree-disease,Coconut Tree Disease Dataset/Bud Root Dropping/BudRootDropping266.jpg,budroot,3
lf5_petiole,BudRootDropping268,5_petiole,1,0.9999996423721312,,coconut-tree-disease,Coconut Tree Disease Dataset/Bud Root Dropping/BudRootDropping268.jpg,budroot,3
lf5_petiole,BudRootDropping272,5_petiole,1,0.9999998807907104,,coconut-tree-disease,Coconut Tree Disease Dataset/Bud Root Dropping/BudRootDropping272.jpg,budroot,3
lf5_petiole,BudRootDropping277,5_petiole,1,0.9999998807907104,,coconut-tree-disease,Coconut Tree Disease Dataset/Bud Root Dropping/BudRootDropping277.jpg,budroot,3
lf5_petiole,BudRootDropping279,5_petiole,1,0.9999998807907104,,coconut-tree-disease,Coconut Tree Disease Dataset/Bud Root Dropping/BudRootDropping279.jpg,budroot,3
lf5_petiole,BudRootDropping282,5_petiole,1,0.9999997615814208,,coconut-tree-disease,Coconut Tree Disease Dataset/Bud Root Dropping/BudRootDropping282.jpg,budroot,3
lf5_petiole,BudRootDropping285,5_petiole,1,0.9999986886978148,,coconut-tree-disease,Coconut Tree Disease Dataset/Bud Root Dropping/BudRootDropping285.jpg,budroot,3
lf5_petiole,BudRootDropping287,5_petiole,1,0.9999877214431764,,coconut-tree-disease,Coconut Tree Disease Dataset/Bud Root Dropping/BudRootDropping287.jpg,budroot,3
lf5_petiole,BudRootDropping290,5_petiole,1,0.9998469352722168,,coconut-tree-disease,Coconut Tree Disease Dataset/Bud Root Dropping/BudRootDropping290.jpg,budroot,3
lf5_petiole,BudRootDropping295,5_petiole,1,0.999993085861206,,coconut-tree-disease,Coconut Tree Disease Dataset/Bud Root Dropping/BudRootDropping295.jpg,budroot,3
lf5_petiole,BudRootDropping300,5_petiole,1,0.9999971389770508,,coconut-tree-disease,Coconut Tree Disease Dataset/Bud Root Dropping/BudRootDropping300.jpg,budroot,3
lf5_petiole,BudRootDropping303,5_petiole,1,0.9999749660491944,,coconut-tree-disease,Coconut Tree Disease Dataset/Bud Root Dropping/BudRootDropping303.jpg,budroot,3
lf5_petiole,BudRootDropping304,5_petiole,1,0.9999761581420898,,coconut-tree-disease,Coconut Tree Disease Dataset/Bud Root Dropping/BudRootDropping304.jpg,budroot,3
lf5_petiole,BudRootDropping315,5_petiole,1,0.9999758005142212,,coconut-tree-disease,Coconut Tree Disease Dataset/Bud Root Dropping/BudRootDropping315.jpg,budroot,3
lf5_petiole,BudRootDropping317,5_petiole,1,0.9999825954437256,,coconut-tree-disease,Coconut Tree Disease Dataset/Bud Root Dropping/BudRootDropping317.jpg,budroot,3
lf5_petiole,BudRootDropping318,5_petiole,1,0.9999768733978271,,coconut-tree-disease,Coconut Tree Disease Dataset/Bud Root Dropping/BudRootDropping318.jpg,budroot,3
lf5_petiole,BudRootDropping319,5_petiole,1,0.9999881982803344,,coconut-tree-disease,Coconut Tree Disease Dataset/Bud Root Dropping/BudRootDropping319.jpg,budroot,3
lf5_petiole,BudRootDropping340,5_petiole,1,0.9999992847442628,,coconut-tree-disease,Coconut Tree Disease Dataset/Bud Root Dropping/BudRootDropping340.jpg,budroot,3
lf5_petiole,BudRootDropping343,5_petiole,1,0.9999995231628418,,coconut-tree-disease,Coconut Tree Disease Dataset/Bud Root Dropping/BudRootDropping343.jpg,budroot,3
lf5_petiole,BudRootDropping354,5_petiole,1,0.9999912977218628,,coconut-tree-disease,Coconut Tree Disease Dataset/Bud Root Dropping/BudRootDropping354.jpg,budroot,3
lf5_petiole,BudRootDropping355,5_petiole,1,0.9999994039535522,,coconut-tree-disease,Coconut Tree Disease Dataset/Bud Root Dropping/BudRootDropping355.jpg,budroot,3
lf5_petiole,BudRootDropping363,5_petiole,1,1.0,,coconut-tree-disease,Coconut Tree Disease Dataset/Bud Root Dropping/BudRootDropping363.jpg,budroot,3
lf5_petiole,BudRootDropping368,5_petiole,1,1.0,,coconut-tree-disease,Coconut Tree Disease Dataset/Bud Root Dropping/BudRootDropping368.jpg,budroot,3
lf5_petiole,BudRootDropping371,5_petiole,1,0.9999998807907104,,coconut-tree-disease,Coconut Tree Disease Dataset/Bud Root Dropping/BudRootDropping371.jpg,budroot,3
lf5_petiole,BudRootDropping374,5_petiole,1,1.0,,coconut-tree-disease,Coconut Tree Disease Dataset/Bud Root Dropping/BudRootDropping374.jpg,budroot,3
lf5_petiole,BudRootDropping377,5_petiole,1,0.9999998807907104,,coconut-tree-disease,Coconut Tree Disease Dataset/Bud Root Dropping/BudRootDropping377.jpg,budroot,3
lf5_petiole,BudRootDropping384,5_petiole,1,0.9999986886978148,,coconut-tree-disease,Coconut Tree Disease Dataset/Bud Root Dropping/BudRootDropping384.jpg,budroot,3
lf5_petiole,BudRootDropping393,5_petiole,1,0.9999996423721312,,coconut-tree-disease,Coconut Tree Disease Dataset/Bud Root Dropping/BudRootDropping393.jpg,budroot,3
lf5_petiole,BudRootDropping407,5_petiole,1,0.9999983310699464,,coconut-tree-disease,Coconut Tree Disease Dataset/Bud Root Dropping/BudRootDropping407.jpg,budroot,3
lf5_petiole,BudRootDropping418,5_petiole,1,0.9999936819076538,,coconut-tree-disease,Coconut Tree Disease Dataset/Bud Root Dropping/BudRootDropping418.jpg,budroot,3
lf5_petiole,BudRootDropping421,5_petiole,1,0.9999994039535522,,coconut-tree-disease,Coconut Tree Disease Dataset/Bud Root Dropping/BudRootDropping421.jpg,budroot,3
lf5_petiole,BudRootDropping438,5_petiole,1,0.9999996423721312,,coconut-tree-disease,Coconut Tree Disease Dataset/Bud Root Dropping/BudRootDropping438.jpg,budroot,3
lf5_petiole,BudRootDropping452,5_petiole,1,0.9999979734420776,,coconut-tree-disease,Coconut Tree Disease Dataset/Bud Root Dropping/BudRootDropping452.jpg,budroot,3
lf5_petiole,BudRootDropping454,5_petiole,1,0.9999970197677612,,coconut-tree-disease,Coconut Tree Disease Dataset/Bud Root Dropping/BudRootDropping454.jpg,budroot,3
lf5_petiole,BudRootDropping457,5_petiole,1,0.9999959468841552,,coconut-tree-disease,Coconut Tree Disease Dataset/Bud Root Dropping/BudRootDropping457.jpg,budroot,3
lf5_petiole,BudRootDropping467,5_petiole,1,0.9999991655349731,,coconut-tree-disease,Coconut Tree Disease Dataset/Bud Root Dropping/BudRootDropping467.jpg,budroot,3
lf5_petiole,BudRootDropping491,5_petiole,1,0.9999929666519164,,coconut-tree-disease,Coconut Tree Disease Dataset/Bud Root Dropping/BudRootDropping491.jpg,budroot,3
lf5_petiole,BudRootDropping495,5_petiole,1,0.9999829530715942,,coconut-tree-disease,Coconut Tree Disease Dataset/Bud Root Dropping/BudRootDropping495.jpg,budroot,3
lf5_petiole,BudRootDropping496,5_petiole,1,0.999991774559021,,coconut-tree-disease,Coconut Tree Disease Dataset/Bud Root Dropping/BudRootDropping496.jpg,budroot,3
lf5_petiole,BudRootDropping498,5_petiole,1,0.9999896287918092,,coconut-tree-disease,Coconut Tree Disease Dataset/Bud Root Dropping/BudRootDropping498.jpg,budroot,3
lf5_petiole,BudRootDropping514,5_petiole,1,0.9999994039535522,,coconut-tree-disease,Coconut Tree Disease Dataset/Bud Root Dropping/BudRootDropping514.jpg,budroot,3
lf5_petiole,BudRootDropping002,5_petiole,1,1.0,,coconut-tree-disease,Coconut Tree Disease Dataset/Bud Root Dropping/BudRootDropping002.jpg,budroot,4
lf5_petiole,BudRootDropping005,5_petiole,1,1.0,,coconut-tree-disease,Coconut Tree Disease Dataset/Bud Root Dropping/BudRootDropping005.jpg,budroot,4
lf5_petiole,BudRootDropping012,5_petiole,1,1.0,,coconut-tree-disease,Coconut Tree Disease Dataset/Bud Root Dropping/BudRootDropping012.jpg,budroot,4
lf5_petiole,BudRootDropping034,5_petiole,1,0.9999922513961792,,coconut-tree-disease,Coconut Tree Disease Dataset/Bud Root Dropping/BudRootDropping034.jpg,budroot,4
lf5_petiole,BudRootDropping035,5_petiole,1,0.999994158744812,,coconut-tree-disease,Coconut Tree Disease Dataset/Bud Root Dropping/BudRootDropping035.jpg,budroot,4
lf5_petiole,BudRootDropping038,5_petiole,1,0.9999836683273317,,coconut-tree-disease,Coconut Tree Disease Dataset/Bud Root Dropping/BudRootDropping038.jpg,budroot,4
lf5_petiole,BudRootDropping044,5_petiole,1,0.99999737739563,,coconut-tree-disease,Coconut Tree Disease Dataset/Bud Root Dropping/BudRootDropping044.jpg,budroot,4
lf5_petiole,BudRootDropping052,5_petiole,1,0.9999992847442628,,coconut-tree-disease,Coconut Tree Disease Dataset/Bud Root Dropping/BudRootDropping052.jpg,budroot,4
lf5_petiole,BudRootDropping058,5_petiole,1,0.9999990463256836,,coconut-tree-disease,Coconut Tree Disease Dataset/Bud Root Dropping/BudRootDropping058.jpg,budroot,4
lf5_petiole,BudRootDropping068,5_petiole,1,0.9999948740005492,,coconut-tree-disease,Coconut Tree Disease Dataset/Bud Root Dropping/BudRootDropping068.jpg,budroot,4
lf5_petiole,BudRootDropping071,5_petiole,1,0.9999985694885254,,coconut-tree-disease,Coconut Tree Disease Dataset/Bud Root Dropping/BudRootDropping071.jpg,budroot,4
lf5_petiole,BudRootDropping084,5_petiole,1,0.9996869564056396,,coconut-tree-disease,Coconut Tree Disease Dataset/Bud Root Dropping/BudRootDropping084.jpg,budroot,4
lf5_petiole,BudRootDropping089,5_petiole,1,0.999969482421875,,coconut-tree-disease,Coconut Tree Disease Dataset/Bud Root Dropping/BudRootDropping089.jpg,budroot,4
lf5_petiole,BudRootDropping090,5_petiole,1,0.9999650716781616,,coconut-tree-disease,Coconut Tree Disease Dataset/Bud Root Dropping/BudRootDropping090.jpg,budroot,4
lf5_petiole,BudRootDropping091,5_petiole,1,0.9999885559082032,,coconut-tree-disease,Coconut Tree Disease Dataset/Bud Root Dropping/BudRootDropping091.jpg,budroot,4
lf5_petiole,BudRootDropping101,5_petiole,1,0.9999997615814208,,coconut-tree-disease,Coconut Tree Disease Dataset/Bud Root Dropping/BudRootDropping101.jpg,budroot,4
lf5_petiole,BudRootDropping105,5_petiole,1,0.999998927116394,,coconut-tree-disease,Coconut Tree Disease Dataset/Bud Root Dropping/BudRootDropping105.jpg,budroot,4
lf5_petiole,BudRootDropping108,5_petiole,1,0.9999984502792358,,coconut-tree-disease,Coconut Tree Disease Dataset/Bud Root Dropping/BudRootDropping108.jpg,budroot,4
lf5_petiole,BudRootDropping133,5_petiole,1,0.9999994039535522,,coconut-tree-disease,Coconut Tree Disease Dataset/Bud Root Dropping/BudRootDropping133.jpg,budroot,4
lf5_petiole,BudRootDropping134,5_petiole,1,0.9999994039535522,,coconut-tree-disease,Coconut Tree Disease Dataset/Bud Root Dropping/BudRootDropping134.jpg,budroot,4
lf5_petiole,BudRootDropping140,5_petiole,1,0.9999994039535522,,coconut-tree-disease,Coconut Tree Disease Dataset/Bud Root Dropping/BudRootDropping140.jpg,budroot,4
lf5_petiole,BudRootDropping141,5_petiole,1,0.9999979734420776,,coconut-tree-disease,Coconut Tree Disease Dataset/Bud Root Dropping/BudRootDropping141.jpg,budroot,4
lf5_petiole,BudRootDropping144,5_petiole,1,0.999713122844696,,coconut-tree-disease,Coconut Tree Disease Dataset/Bud Root Dropping/BudRootDropping144.jpg,budroot,4
lf5_petiole,BudRootDropping148,5_petiole,1,0.9999994039535522,,coconut-tree-disease,Coconut Tree Disease Dataset/Bud Root Dropping/BudRootDropping148.jpg,budroot,4
lf5_petiole,BudRootDropping150,5_petiole,1,0.9999992847442628,,coconut-tree-disease,Coconut Tree Disease Dataset/Bud Root Dropping/BudRootDropping150.jpg,budroot,4
lf5_petiole,BudRootDropping163,5_petiole,1,1.0,,coconut-tree-disease,Coconut Tree Disease Dataset/Bud Root Dropping/BudRootDropping163.jpg,budroot,4
lf5_petiole,BudRootDropping164,5_petiole,1,1.0,,coconut-tree-disease,Coconut Tree Disease Dataset/Bud Root Dropping/BudRootDropping164.jpg,budroot,4
lf5_petiole,BudRootDropping165,5_petiole,1,1.0,,coconut-tree-disease,Coconut Tree Disease Dataset/Bud Root Dropping/BudRootDropping165.jpg,budroot,4
lf5_petiole,BudRootDropping169,5_petiole,1,1.0,,coconut-tree-disease,Coconut Tree Disease Dataset/Bud Root Dropping/BudRootDropping169.jpg,budroot,4
lf5_petiole,BudRootDropping174,5_petiole,1,1.0,,coconut-tree-disease,Coconut Tree Disease Dataset/Bud Root Dropping/BudRootDropping174.jpg,budroot,4
lf5_petiole,BudRootDropping178,5_petiole,1,1.0,,coconut-tree-disease,Coconut Tree Disease Dataset/Bud Root Dropping/BudRootDropping178.jpg,budroot,4
lf5_petiole,BudRootDropping179,5_petiole,1,0.9999982118606568,,coconut-tree-disease,Coconut Tree Disease Dataset/Bud Root Dropping/BudRootDropping179.jpg,budroot,4
lf5_petiole,BudRootDropping182,5_petiole,1,0.9999980926513672,,coconut-tree-disease,Coconut Tree Disease Dataset/Bud Root Dropping/BudRootDropping182.jpg,budroot,4
lf5_petiole,BudRootDropping184,5_petiole,1,0.999996304512024,,coconut-tree-disease,Coconut Tree Disease Dataset/Bud Root Dropping/BudRootDropping184.jpg,budroot,4
lf5_petiole,BudRootDropping187,5_petiole,1,0.999998927116394,,coconut-tree-disease,Coconut Tree Disease Dataset/Bud Root Dropping/BudRootDropping187.jpg,budroot,4
lf5_petiole,BudRootDropping192,5_petiole,1,0.9999984502792358,,coconut-tree-disease,Coconut Tree Disease Dataset/Bud Root Dropping/BudRootDropping192.jpg,budroot,4
lf5_petiole,BudRootDropping201,5_petiole,1,0.9999932050704956,,coconut-tree-disease,Coconut Tree Disease Dataset/Bud Root Dropping/BudRootDropping201.jpg,budroot,4
lf5_petiole,BudRootDropping206,5_petiole,1,0.9999972581863404,,coconut-tree-disease,Coconut Tree Disease Dataset/Bud Root Dropping/BudRootDropping206.jpg,budroot,4
lf5_petiole,BudRootDropping215,5_petiole,1,0.999998927116394,,coconut-tree-disease,Coconut Tree Disease Dataset/Bud Root Dropping/BudRootDropping215.jpg,budroot,4
lf5_petiole,BudRootDropping231,5_petiole,1,0.9999995231628418,,coconut-tree-disease,Coconut Tree Disease Dataset/Bud Root Dropping/BudRootDropping231.jpg,budroot,4
lf5_petiole,BudRootDropping235,5_petiole,1,0.9999992847442628,,coconut-tree-disease,Coconut Tree Disease Dataset/Bud Root Dropping/BudRootDropping235.jpg,budroot,4
lf5_petiole,BudRootDropping246,5_petiole,1,0.9999994039535522,,coconut-tree-disease,Coconut Tree Disease Dataset/Bud Root Dropping/BudRootDropping246.jpg,budroot,4
lf5_petiole,BudRootDropping250,5_petiole,1,0.9999990463256836,,coconut-tree-disease,Coconut Tree Disease Dataset/Bud Root Dropping/BudRootDropping250.jpg,budroot,4
lf5_petiole,BudRootDropping251,5_petiole,1,0.999998927116394,,coconut-tree-disease,Coconut Tree Disease Dataset/Bud Root Dropping/BudRootDropping251.jpg,budroot,4
lf5_petiole,BudRootDropping259,5_petiole,1,0.9999979734420776,,coconut-tree-disease,Coconut Tree Disease Dataset/Bud Root Dropping/BudRootDropping259.jpg,budroot,4
lf5_petiole,BudRootDropping261,5_petiole,1,0.9999974966049194,,coconut-tree-disease,Coconut Tree Disease Dataset/Bud Root Dropping/BudRootDropping261.jpg,budroot,4
lf5_petiole,BudRootDropping273,5_petiole,1,0.9999992847442628,,coconut-tree-disease,Coconut Tree Disease Dataset/Bud Root Dropping/BudRootDropping273.jpg,budroot,4
lf5_petiole,BudRootDropping291,5_petiole,1,0.9961095452308656,,coconut-tree-disease,Coconut Tree Disease Dataset/Bud Root Dropping/BudRootDropping291.jpg,budroot,4
lf5_petiole,BudRootDropping292,5_petiole,1,0.9999990463256836,,coconut-tree-disease,Coconut Tree Disease Dataset/Bud Root Dropping/BudRootDropping292.jpg,budroot,4
lf5_petiole,BudRootDropping293,5_petiole,1,0.9999992847442628,,coconut-tree-disease,Coconut Tree Disease Dataset/Bud Root Dropping/BudRootDropping293.jpg,budroot,4
lf5_petiole,BudRootDropping297,5_petiole,1,0.9999994039535522,,coconut-tree-disease,Coconut Tree Disease Dataset/Bud Root Dropping/BudRootDropping297.jpg,budroot,4
lf5_petiole,BudRootDropping298,5_petiole,1,0.999997854232788,,coconut-tree-disease,Coconut Tree Disease Dataset/Bud Root Dropping/BudRootDropping298.jpg,budroot,4
lf5_petiole,BudRootDropping299,5_petiole,1,0.99999737739563,,coconut-tree-disease,Coconut Tree Disease Dataset/Bud Root Dropping/BudRootDropping299.jpg,budroot,4
lf5_petiole,BudRootDropping305,5_petiole,1,0.9999996423721312,,coconut-tree-disease,Coconut Tree Disease Dataset/Bud Root Dropping/BudRootDropping305.jpg,budroot,4
lf5_petiole,BudRootDropping307,5_petiole,1,0.9999990463256836,,coconut-tree-disease,Coconut Tree Disease Dataset/Bud Root Dropping/BudRootDropping307.jpg,budroot,4
lf5_petiole,BudRootDropping320,5_petiole,1,0.999986171722412,,coconut-tree-disease,Coconut Tree Disease Dataset/Bud Root Dropping/BudRootDropping320.jpg,budroot,4
lf5_petiole,BudRootDropping333,5_petiole,1,0.9999979734420776,,coconut-tree-disease,Coconut Tree Disease Dataset/Bud Root Dropping/BudRootDropping333.jpg,budroot,4
lf5_petiole,BudRootDropping336,5_petiole,1,0.9999974966049194,,coconut-tree-disease,Coconut Tree Disease Dataset/Bud Root Dropping/BudRootDropping336.jpg,budroot,4
lf5_petiole,BudRootDropping337,5_petiole,1,0.999997854232788,,coconut-tree-disease,Coconut Tree Disease Dataset/Bud Root Dropping/BudRootDropping337.jpg,budroot,4
lf5_petiole,BudRootDropping338,5_petiole,1,0.9999995231628418,,coconut-tree-disease,Coconut Tree Disease Dataset/Bud Root Dropping/BudRootDropping338.jpg,budroot,4
lf5_petiole,BudRootDropping345,5_petiole,1,0.9999998807907104,,coconut-tree-disease,Coconut Tree Disease Dataset/Bud Root Dropping/BudRootDropping345.jpg,budroot,4
lf5_petiole,BudRootDropping350,5_petiole,1,0.999996542930603,,coconut-tree-disease,Coconut Tree Disease Dataset/Bud Root Dropping/BudRootDropping350.jpg,budroot,4
lf5_petiole,BudRootDropping353,5_petiole,1,0.9999924898147584,,coconut-tree-disease,Coconut Tree Disease Dataset/Bud Root Dropping/BudRootDropping353.jpg,budroot,4
lf5_petiole,BudRootDropping358,5_petiole,1,0.999998927116394,,coconut-tree-disease,Coconut Tree Disease Dataset/Bud Root Dropping/BudRootDropping358.jpg,budroot,4
lf5_petiole,BudRootDropping359,5_petiole,1,0.9999977350234984,,coconut-tree-disease,Coconut Tree Disease Dataset/Bud Root Dropping/BudRootDropping359.jpg,budroot,4
lf5_petiole,BudRootDropping367,5_petiole,1,0.9999990463256836,,coconut-tree-disease,Coconut Tree Disease Dataset/Bud Root Dropping/BudRootDropping367.jpg,budroot,4
lf5_petiole,BudRootDropping379,5_petiole,1,0.9999998807907104,,coconut-tree-disease,Coconut Tree Disease Dataset/Bud Root Dropping/BudRootDropping379.jpg,budroot,4
lf5_petiole,BudRootDropping380,5_petiole,1,1.0,,coconut-tree-disease,Coconut Tree Disease Dataset/Bud Root Dropping/BudRootDropping380.jpg,budroot,4
lf5_petiole,BudRootDropping381,5_petiole,1,1.0,,coconut-tree-disease,Coconut Tree Disease Dataset/Bud Root Dropping/BudRootDropping381.jpg,budroot,4
lf5_petiole,BudRootDropping382,5_petiole,1,0.9999998807907104,,coconut-tree-disease,Coconut Tree Disease Dataset/Bud Root Dropping/BudRootDropping382.jpg,budroot,4
lf5_petiole,BudRootDropping387,5_petiole,1,0.9999995231628418,,coconut-tree-disease,Coconut Tree Disease Dataset/Bud Root Dropping/BudRootDropping387.jpg,budroot,4
lf5_petiole,BudRootDropping388,5_petiole,1,0.9999995231628418,,coconut-tree-disease,Coconut Tree Disease Dataset/Bud Root Dropping/BudRootDropping388.jpg,budroot,4
lf5_petiole,BudRootDropping395,5_petiole,1,0.9999997615814208,,coconut-tree-disease,Coconut Tree Disease Dataset/Bud Root Dropping/BudRootDropping395.jpg,budroot,4
lf5_petiole,BudRootDropping401,5_petiole,1,0.9999995231628418,,coconut-tree-disease,Coconut Tree Disease Dataset/Bud Root Dropping/BudRootDropping401.jpg,budroot,4
lf5_petiole,BudRootDropping405,5_petiole,1,0.999994158744812,,coconut-tree-disease,Coconut Tree Disease Dataset/Bud Root Dropping/BudRootDropping405.jpg,budroot,4
lf5_petiole,BudRootDropping423,5_petiole,1,0.999997615814209,,coconut-tree-disease,Coconut Tree Disease Dataset/Bud Root Dropping/BudRootDropping423.jpg,budroot,4
lf5_petiole,BudRootDropping424,5_petiole,1,0.9999985694885254,,coconut-tree-disease,Coconut Tree Disease Dataset/Bud Root Dropping/BudRootDropping424.jpg,budroot,4
lf5_petiole,BudRootDropping427,5_petiole,1,0.9999990463256836,,coconut-tree-disease,Coconut Tree Disease Dataset/Bud Root Dropping/BudRootDropping427.jpg,budroot,4
lf5_petiole,BudRootDropping439,5_petiole,1,0.9999990463256836,,coconut-tree-disease,Coconut Tree Disease Dataset/Bud Root Dropping/BudRootDropping439.jpg,budroot,4
lf5_petiole,BudRootDropping443,5_petiole,1,0.9999957084655762,,coconut-tree-disease,Coconut Tree Disease Dataset/Bud Root Dropping/BudRootDropping443.jpg,budroot,4
lf5_petiole,BudRootDropping447,5_petiole,1,0.9999979734420776,,coconut-tree-disease,Coconut Tree Disease Dataset/Bud Root Dropping/BudRootDropping447.jpg,budroot,4
lf5_petiole,BudRootDropping449,5_petiole,1,0.9999974966049194,,coconut-tree-disease,Coconut Tree Disease Dataset/Bud Root Dropping/BudRootDropping449.jpg,budroot,4
lf5_petiole,BudRootDropping458,5_petiole,1,0.9999977350234984,,coconut-tree-disease,Coconut Tree Disease Dataset/Bud Root Dropping/BudRootDropping458.jpg,budroot,4
lf5_petiole,BudRootDropping459,5_petiole,1,0.9999961853027344,,coconut-tree-disease,Coconut Tree Disease Dataset/Bud Root Dropping/BudRootDropping459.jpg,budroot,4
lf5_petiole,BudRootDropping463,5_petiole,1,0.9999983310699464,,coconut-tree-disease,Coconut Tree Disease Dataset/Bud Root Dropping/BudRootDropping463.jpg,budroot,4
lf5_petiole,BudRootDropping474,5_petiole,1,0.9999983310699464,,coconut-tree-disease,Coconut Tree Disease Dataset/Bud Root Dropping/BudRootDropping474.jpg,budroot,4
lf5_petiole,BudRootDropping476,5_petiole,1,0.9999974966049194,,coconut-tree-disease,Coconut Tree Disease Dataset/Bud Root Dropping/BudRootDropping476.jpg,budroot,4
lf5_petiole,BudRootDropping477,5_petiole,1,0.9999984502792358,,coconut-tree-disease,Coconut Tree Disease Dataset/Bud Root Dropping/BudRootDropping477.jpg,budroot,4
lf5_petiole,BudRootDropping482,5_petiole,1,0.9999985694885254,,coconut-tree-disease,Coconut Tree Disease Dataset/Bud Root Dropping/BudRootDropping482.jpg,budroot,4
lf5_petiole,BudRootDropping486,5_petiole,1,0.9999992847442628,,coconut-tree-disease,Coconut Tree Disease Dataset/Bud Root Dropping/BudRootDropping486.jpg,budroot,4
lf5_petiole,BudRootDropping488,5_petiole,1,0.9999986886978148,,coconut-tree-disease,Coconut Tree Disease Dataset/Bud Root Dropping/BudRootDropping488.jpg,budroot,4
lf5_petiole,BudRootDropping492,5_petiole,1,0.9999988079071044,,coconut-tree-disease,Coconut Tree Disease Dataset/Bud Root Dropping/BudRootDropping492.jpg,budroot,4
lf5_petiole,BudRootDropping502,5_petiole,1,0.999997854232788,,coconut-tree-disease,Coconut Tree Disease Dataset/Bud Root Dropping/BudRootDropping502.jpg,budroot,4
lf5_petiole,BudRootDropping504,5_petiole,1,0.9999974966049194,,coconut-tree-disease,Coconut Tree Disease Dataset/Bud Root Dropping/BudRootDropping504.jpg,budroot,4
lf5_petiole,BudRootDropping505,5_petiole,1,0.9999961853027344,,coconut-tree-disease,Coconut Tree Disease Dataset/Bud Root Dropping/BudRootDropping505.jpg,budroot,4
lf5_petiole,BudRootDropping512,5_petiole,1,0.9999985694885254,,coconut-tree-disease,Coconut Tree Disease Dataset/Bud Root Dropping/BudRootDropping512.jpg,budroot,4
